doubling every two days;doubling every 10 days;doubling every 30 days;Italy;US;China;Germany;India;date
100.0;100.0;100.0;155.0;107.0;548.0;117.0;102.0;0
141.4213562373095;107.17734625362931;102.3373891996775;229.0;184.0;643.0;150.0;113.0;1
200.0;114.86983549970351;104.72941228206267;322.0;237.0;920.0;188.0;119.0;2
282.842712474619;123.11444133449163;107.17734625362931;453.0;403.0;1406.0;240.0;142.0;3
400.0;131.9507910772894;109.68249796946259;655.0;519.0;2075.0;349.0;156.0;4
565.685424949238;141.4213562373095;112.2462048309373;888.0;594.0;2877.0;534.0;194.0;5
800.0;151.5716566510398;114.86983549970351;1128.0;782.0;5509.0;684.0;244.0;6
1131.370849898476;162.4504792712471;117.55479062836088;1694.0;1147.0;6087.0;847.0;330.0;7
1600.0;174.11011265922482;120.30250360821167;2036.0;1586.0;8141.0;1112.0;396.0;8
2262.741699796952;186.60659830736148;123.11444133449163;2502.0;2219.0;9802.0;1296.0;499.0;9
3200.0;200.0;125.99210498948732;3089.0;2978.0;11891.0;1567.0;536.0;10
4525.483399593904;214.35469250725862;128.9370308439579;3858.0;3212.0;16630.0;2369.0;657.0;11
6400.0;229.73967099940697;131.9507910772894;4636.0;4679.0;19716.0;3062.0;727.0;12
9050.966799187809;246.22888266898326;135.034994616819;5883.0;6512.0;23707.0;3795.0;887.0;13
12800.0;263.9015821545788;138.1912879967776;7375.0;9169.0;27440.0;4838.0;987.0;14
18101.933598375617;282.842712474619;141.4213562373095;9172.0;13663.0;30587.0;6012.0;1024.0;15
25600.0;303.14331330207966;144.7269237440378;10149.0;20030.0;34110.0;7156.0;1251.0;16
36203.867196751235;324.9009585424942;148.1097552286564;12462.0;26025.0;36814.0;8198.0;1397.0;17
51200.0;348.22022531844965;151.5716566510398;15113.0;34944.0;39829.0;10999.0;1998.0;18
72407.73439350247;373.21319661472296;155.11447618337345;17660.0;46096.0;42354.0;13957.0;2543.0;19
;;;21157.0;56714.0;44386.0;16662.0;2567.0;20
;;;24747.0;68841.0;44759.0;18610.0;3082.0;21
;;;27980.0;86662.0;59895.0;22672.0;3588.0;22
;;;31506.0;105253.0;66358.0;27436.0;4778.0;23
;;;35713.0;127417.0;68413.0;31554.0;5311.0;24
;;;41035.0;143544.0;70513.0;36508.0;5916.0;25
;;;47021.0;165698.0;72434.0;42288.0;6725.0;26
;;;53578.0;192079.0;74211.0;48582.0;7598.0;27
;;;59138.0;223254.0;74619.0;52547.0;8446.0;28
;;;63927.0;255530.0;75077.0;57298.0;9205.0;29
;;;69176.0;287931.0;75550.0;61913.0;10453.0;30
;;;74386.0;319776.0;77001.0;67366.0;11487.0;31
;;;80589.0;349016.0;77022.0;73522.0;12322.0;32
;;;86498.0;380798.0;77241.0;79696.0;13430.0;33
;;;92472.0;410834.0;77754.0;85778.0;14352.0;34
;;;97689.0;441897.0;78166.0;91714.0;15722.0;35
;;;101739.0;477507.0;78600.0;95391.0;17615.0;36
;;;105792.0;511790.0;78928.0;99225.0;18539.0;37
;;;110574.0;540714.0;79356.0;103228.0;20080.0;38
;;;115242.0;567022.0;79932.0;108202.0;21370.0;39
;;;119827.0;594165.0;80136.0;113525.0;23077.0;40
;;;124632.0;622493.0;80261.0;117658.0;24530.0;41
;;;128948.0;648390.0;80386.0;120479.0;26283.0;42
;;;132547.0;678028.0;80537.0;123016.0;27890.0;43
;;;135586.0;711135.0;80690.0;125098.0;29451.0;44
;;;139422.0;738464.0;80770.0;127584.0;31324.0;45
;;;143626.0;763886.0;80823.0;130450.0;33062.0;46
;;;147577.0;793970.0;80860.0;133830.0;34863.0;47
;;;152271.0;820045.0;80887.0;137439.0;37257.0;48
;;;156363.0;849926.0;80921.0;139897.0;39699.0;49
;;;159516.0;881891.0;80932.0;141672.0;42505.0;50
;;;162488.0;913856.0;80945.0;143457.0;46437.0;51
;;;165155.0;944770.0;80977.0;145694.0;49400.0;52
;;;168941.0;970741.0;81003.0;148046.0;52987.0;53
;;;172434.0;995391.0;81033.0;150383.0;56351.0;54
;;;175925.0;1019964.0;81058.0;152438.0;59695.0;55
;;;178972.0;1046816.0;81102.0;154175.0;62808.0;56
;;;181228.0;1076518.0;81156.0;155193.0;67161.0;57
;;;183957.0;1111410.0;81250.0;156337.0;70768.0;58
;;;187327.0;1138174.0;81305.0;157641.0;74292.0;59
;;;189973.0;1161907.0;81435.0;159119.0;78055.0;60
;;;192994.0;1185709.0;81493.0;160758.0;81997.0;61
;;;195351.0;1209728.0;81587.0;161703.0;85784.0;62
;;;197675.0;1234210.0;81658.0;162496.0;90648.0;63
;;;199414.0;1261949.0;81781.0;163175.0;95698.0;64
;;;201505.0;1289132.0;81872.0;163860.0;100328.0;65
;;;203591.0;1313586.0;81964.0;164807.0;106475.0;66
;;;205463.0;1332333.0;82058.0;166091.0;112028.0;67
;;;207428.0;1351410.0;82139.0;167300.0;118226.0;68
;;;209328.0;1374792.0;83786.0;168551.0;124794.0;69
;;;210717.0;1394807.0;84002.0;169218.0;131423.0;70
;;;211938.0;1420697.0;84129.0;169575.0;138536.0;71
;;;213013.0;1445548.0;84265.0;170508.0;144950.0;72
;;;214457.0;1469598.0;84363.0;171306.0;150793.0;73
;;;215858.0;1488327.0;84467.0;172239.0;158086.0;74
;;;217185.0;1510635.0;84611.0;173152.0;165386.0;75
;;;218268.0;1531138.0;84692.0;173772.0;173491.0;76
;;;219070.0;1553964.0;84909.0;174355.0;181827.0;77
;;;219814.0;1579116.0;85024.0;174697.0;190609.0;78
;;;221216.0;1602945.0;85115.0;175210.0;198370.0;79
;;;222104.0;1623134.0;85208.0;176007.0;207191.0;80
;;;223096.0;1643308.0;85377.0;176752.0;216824.0;81
;;;223885.0;1662402.0;85489.0;177212.0;226713.0;82
;;;224760.0;1681128.0;85569.0;177850.0;236184.0;83
;;;225435.0;1699891.0;85668.0;178281.0;246622.0;84
;;;225886.0;1721158.0;85774.0;178570.0;257486.0;85
;;;226699.0;1746240.0;86187.0;179002.0;265928.0;86
;;;227364.0;1769320.0;86258.0;179364.0;276146.0;87
;;;228006.0;1788239.0;86321.0;179717.0;286605.0;88
;;;228658.0;1806079.0;86382.0;180458.0;297535.0;89
;;;229327.0;1826169.0;86452.0;181196.0;308993.0;90
;;;229858.0;1845325.0;86508.0;181482.0;320922.0;91
;;;230158.0;1873259.0;86548.0;181815.0;332424.0;92
;;;230555.0;1899699.0;86594.0;182028.0;343091.0;93
;;;231139.0;1919968.0;86632.0;182370.0;354065.0;94
;;;231732.0;1937794.0;86661.0;182764.0;366946.0;95
;;;232248.0;1954694.0;86692.0;183271.0;380532.0;96
;;;232664.0;1975015.0;86754.0;183678.0;395048.0;97
;;;232997.0;1996733.0;86783.0;183979.0;410451.0;98
;;;233197.0;2019011.0;86828.0;184193.0;425282.0;99
;;;233515.0;2044569.0;86850.0;184543.0;440215.0;100
;;;233836.0;2068726.0;86858.0;184861.0;456183.0;101
;;;234013.0;2087627.0;86842.0;185416.0;473105.0;102
;;;234531.0;2108626.0;86838.0;185674.0;490401.0;103
;;;234801.0;2133175.0;86855.0;186022.0;508953.0;104
;;;234998.0;2160225.0;86877.0;186269.0;528859.0;105
;;;235278.0;2188452.0;86888.0;186461.0;548318.0;106
;;;235561.0;2219506.0;86905.0;186839.0;566840.0;107
;;;235763.0;2251332.0;86934.0;187184.0;585481.0;108
;;;236142.0;2277168.0;86973.0;187764.0;604641.0;109
;;;236305.0;2306969.0;86980.0;188534.0;625544.0;110
;;;236651.0;2345698.0;87002.0;189135.0;648315.0;111
;;;236989.0;2381949.0;87016.0;189822.0;673165.0;112
;;;237290.0;2421248.0;87032.0;190359.0;697413.0;113
;;;237500.0;2470294.0;87052.0;190862.0;719664.0;114
;;;237828.0;2511048.0;87070.0;191449.0;742417.0;115
;;;238159.0;2553973.0;87092.0;192079.0;767296.0;116
;;;238011.0;2595268.0;87119.0;192556.0;793802.0;117
;;;238275.0;2645092.0;87135.0;193243.0;820916.0;118
;;;238499.0;2694215.0;87151.0;193499.0;849522.0;119
;;;238720.0;2749158.0;87190.0;193761.0;878254.0;120
;;;238833.0;2800662.0;87235.0;194259.0;906752.0;121
;;;239410.0;2846607.0;87266.0;194725.0;936181.0;122
;;;239706.0;2900335.0;87313.0;195228.0;968857.0;123
;;;239961.0;2943500.0;87360.0;195674.0;1003832.0;124
;;;240136.0;3000731.0;87390.0;196096.0;1039084.0;125
;;;240310.0;3061037.0;87421.0;196335.0;1077781.0;126
;;;240436.0;3120693.0;87444.0;196554.0;1118206.0;127
;;;240578.0;3189552.0;87466.0;196944.0;1155338.0;128
;;;240760.0;3249991.0;87475.0;197341.0;1193078.0;129
;;;240961.0;3310123.0;87496.0;197783.0;1238798.0;130
;;;241184.0;3369487.0;87520.0;198178.0;1288108.0;131
;;;241419.0;3435149.0;87535.0;198556.0;1337024.0;132
;;;241611.0;3501175.0;87538.0;198804.0;1385635.0;133
;;;241819.0;3571989.0;87553.0;198963.0;1435616.0;134
;;;241956.0;3638461.0;87561.0;199375.0;1480073.0;135
;;;242149.0;3702783.0;87572.0;199726.0;1531669.0;136
;;;242363.0;3761715.0;87581.0;200260.0;1581963.0;137
;;;242639.0;3822378.0;87587.0;200843.0;1634746.0;138
;;;242827.0;3890572.0;87610.0;201372.0;1695988.0;139
;;;243061.0;3958117.0;87626.0;201574.0;1750723.0;140
;;;243230.0;4026003.0;87636.0;201823.0;1803695.0;141
;;;243344.0;4101150.0;87648.0;202345.0;1855745.0;142
;;;243506.0;4165350.0;87713.0;202799.0;1908254.0;143
;;;243736.0;4221189.0;87769.0;203368.0;1964536.0;144
;;;243967.0;4280913.0;87830.0;204183.0;2027074.0;145
;;;244216.0;4345743.0;87880.0;204964.0;2088611.0;146
;;;244434.0;4409871.0;87921.0;205269.0;2153010.0;147
;;;244624.0;4479112.0;87965.0;205609.0;2215074.0;148
;;;244752.0;4543688.0;87971.0;206242.0;2268675.0;149
;;;245032.0;4601266.0;88034.0;206926.0;2329638.0;150
;;;245338.0;4648375.0;88057.0;207828.0;2396637.0;151
;;;245590.0;4690059.0;88115.0;208698.0;2461190.0;152
;;;245864.0;4751716.0;88150.0;209653.0;2525922.0;153
;;;246118.0;4806064.0;88172.0;209893.0;2589952.0;154
;;;246286.0;4866244.0;88201.0;210402.0;2647663.0;155
;;;246488.0;4926831.0;88229.0;211281.0;2702681.0;156
;;;246776.0;4990764.0;88258.0;212022.0;2767253.0;157
;;;247158.0;5045031.0;88277.0;213067.0;2836925.0;158
;;;247537.0;5096648.0;88305.0;214214.0;2905825.0;159
;;;247832.0;5153603.0;88311.0;215336.0;2975701.0;160
;;;248070.0;5208847.0;88344.0;215891.0;3044940.0;161
;;;248229.0;5260503.0;88360.0;216327.0;3106348.0;162
;;;248419.0;5330628.0;88372.0;217293.0;3167323.0;163
;;;248803.0;5383023.0;88395.0;218519.0;3224547.0;164
;;;249204.0;5417685.0;88415.0;219964.0;3310234.0;165
;;;249756.0;5455534.0;88444.0;221413.0;3387500.0;166
;;;250103.0;5500436.0;88485.0;222828.0;3463972.0;167
;;;250566.0;5546320.0;88524.0;223453.0;3542733.0;168
;;;250825.0;5591448.0;88571.0;224014.0;3621245.0;169
;;;251237.0;5639039.0;88612.0;225404.0;3691166.0;170
;;;251713.0;5684712.0;88657.0;226914.0;3769523.0;171
;;;252235.0;5716623.0;88708.0;228621.0;3853406.0;172
;;;252809.0;5750546.0;88766.0;230048.0;3936747.0;173
;;;253438.0;5793219.0;88828.0;232082.0;4023179.0;174
;;;253915.0;5835292.0;88852.0;232864.0;4113811.0;175
;;;254235.0;5885810.0;88935.0;233575.0;4204613.0;176
;;;254636.0;5932280.0;89015.0;234853.0;4280422.0;177
;;;255278.0;5975383.0;89109.0;236429.0;4370128.0;178
;;;256118.0;6009514.0;89280.0;237936.0;4465863.0;179
;;;257065.0;6042876.0;89376.0;239507.0;4562414.0;180
;;;258136.0;6084854.0;89454.0;240986.0;4659984.0;181
;;;259345.0;6124815.0;89614.0;241771.0;4754356.0;182
;;;260298.0;6169955.0;89768.0;242381.0;4846427.0;183
;;;261174.0;6218289.0;89957.0;243599.0;4930236.0;184
;;;262540.0;6261912.0;90192.0;244855.0;5020359.0;185
;;;263949.0;6291031.0;90432.0;246166.0;5118253.0;186
;;;265409.0;6315594.0;90658.0;247619.0;5214677.0;187
;;;266853.0;6342338.0;90875.0;248997.0;5308014.0;188
;;;268218.0;6375976.0;91074.0;249985.0;5400619.0;189
;;;269214.0;6415424.0;91359.0;250799.0;5487580.0;190
;;;270189.0;6460047.0;91500.0;252298.0;5562663.0;191
;;;271515.0;6505630.0;91690.0;253474.0;5646010.0;192
;;;272912.0;6545921.0;91864.0;255366.0;5732518.0;193
;;;274644.0;6578485.0;91983.0;256850.0;5818570.0;194
;;;276338.0;6615663.0;92109.0;258480.0;5903932.0;195
;;;277634.0;6653955.0;92255.0;259428.0;5992532.0;196
;;;278784.0;6699274.0;92406.0;260355.0;6074702.0;197
;;;280153.0;6749458.0;92540.0;261762.0;6145291.0;198
;;;281583.0;6795236.0;92646.0;263663.0;6225763.0;199
;;;283180.0;6836846.0;92778.0;265857.0;6312584.0;200
;;;284796.0;6868889.0;92919.0;267773.0;6394068.0;201
;;;286297.0;6907160.0;92986.0;270070.0;6473544.0;202
;;;287753.0;6948280.0;93091.0;271415.0;6549373.0;203
;;;288761.0;6997163.0;93210.0;272337.0;6623815.0;204
;;;289990.0;7044299.0;93308.0;274158.0;6685082.0;205
;;;291442.0;7087846.0;93392.0;275927.0;6757131.0;206
;;;293025.0;7121625.0;93503.0;278070.0;6835655.0;207
;;;294932.0;7159365.0;93605.0;280223.0;6906151.0;208
;;;296569.0;7201398.0;93675.0;282730.0;6979423.0;209
;;;298156.0;7240029.0;93720.0;284140.0;7053806.0;210
;;;299506.0;7286273.0;93782.0;285332.0;7120538.0;211
;;;300897.0;7339716.0;93851.0;287421.0;7175880.0;212
;;;302537.0;7388997.0;93922.0;289219.0;7239389.0;213
;;;304323.0;7422128.0;93978.0;291722.0;7307097.0;214
;;;306235.0;7459485.0;94027.0;294395.0;7370468.0;215
;;;308104.0;7504030.0;94077.0;296958.0;7432680.0;216
;;;309870.0;7553167.0;94118.0;299237.0;7494551.0;217
;;;311364.0;7611057.0;94166.0;300619.0;7550273.0;218
;;;313011.0;7666136.0;94202.0;303258.0;7597063.0;219
;;;314861.0;7721502.0;94236.0;306086.0;7651107.0;220
;;;317409.0;7768402.0;94272.0;310144.0;7706946.0;221
;;;319908.0;7810482.0;94310.0;314660.0;7761312.0;222
;;;322751.0;7860605.0;94363.0;319381.0;7814682.0;223
;;;325329.0;7919047.0;94402.0;322864.0;7864811.0;224
;;;327586.0;7982584.0;94445.0;325331.0;7909959.0;225
;;;330263.0;8052758.0;94491.0;329453.0;7946429.0;226
;;;333940.0;8107590.0;94516.0;334585.0;7990322.0;227
;;;338398.0;8159760.0;94565.0;341223.0;8040203.0;228
;;;343770.0;8227642.0;94601.0;348557.0;8088851.0;229
;;;349494.0;8289379.0;94621.0;356387.0;8137119.0;230
;;;354950.0;8350085.0;94641.0;361974.0;8184082.0;231
;;;359569.0;8429706.0;94683.0;366299.0;8229313.0;232
;;;365467.0;8511366.0;94722.0;373167.0;8267623.0;233
;;;372799.0;8589741.0;94752.0;380762.0;8313876.0;234
;;;381602.0;8650716.0;94851.0;392049.0;8364086.0;235
;;;391611.0;8715280.0;94911.0;403291.0;8411724.0;236
;;;402536.0;8792503.0;94934.0;418005.0;8462080.0;237
;;;414241.0;8878980.0;94966.0;429181.0;8507754.0;238
;;;423578.0;8970273.0;95021.0;437866.0;8553657.0;239
;;;434449.0;9070122.0;95056.0;449275.0;8591730.0;240
;;;449648.0;9157465.0;95103.0;464239.0;8636011.0;241
;;;465726.0;9235295.0;95159.0;481013.0;8683916.0;242
;;;484869.0;9317102.0;95196.0;499694.0;8728795.0;243
;;;504509.0;9441868.0;95229.0;518753.0;8773479.0;244
;;;525782.0;9542130.0;95254.0;532930.0;8814579.0;245
;;;542789.0;9670211.0;95289.0;545027.0;8845127.0;246
;;;564778.0;9797267.0;95323.0;560379.0;8874290.0;247
;;;589766.0;9924331.0;95368.0;577593.0;8912907.0;248
;;;616595.0;10044004.0;95416.0;597583.0;8958483.0;249
;;;647674.0;10160960.0;95452.0;619089.0;9004365.0;250
;;;679430.0;10297512.0;95499.0;642488.0;9050597.0;251
;;;709335.0;10445194.0;95536.0;658505.0;9095806.0;252
;;;731588.0;10603990.0;95568.0;671868.0;9139865.0;253
;;;759829.0;10783508.0;95617.0;687200.0;9177840.0;254
;;;790377.0;10947558.0;95648.0;705687.0;9222216.0;255
;;;824879.0;11087273.0;95694.0;727553.0;9266705.0;256
;;;862681.0;11240360.0;95744.0;751095.0;9309787.0;257
;;;902490.0;11405007.0;95789.0;773556.0;9351109.0;258
;;;935104.0;11576977.0;95829.0;790503.0;9392919.0;259
;;;960373.0;11769278.0;95875.0;801327.0;9431691.0;260
;;;995463.0;11970947.0;95913.0;815746.0;9462809.0;261
;;;1028424.0;12150765.0;95979.0;833307.0;9499413.0;262
;;;1066401.0;12297352.0;96034.0;855916.0;9534964.0;263
;;;1107303.0;12478864.0;96083.0;879564.0;9571559.0;264
;;;1144552.0;12652424.0;96124.0;902528.0;9608211.0;265
;;;1178529.0;12832636.0;96146.0;918269.0;9644222.0;266
;;;1205881.0;12949886.0;96203.0;929133.0;9677203.0;267
;;;1238072.0;13164520.0;96231.0;942687.0;9703770.0;268
;;;1272352.0;13332744.0;96271.0;961320.0;9735850.0;269
;;;1308528.0;13473094.0;96322.0;983588.0;9767371.0;270
;;;1345767.0;13628010.0;96389.0;1006394.0;9796744.0;271
;;;1380531.0;13825125.0;96427.0;1028089.0;9826775.0;272
;;;1408868.0;14021288.0;96461.0;1042700.0;9857029.0;273
;;;1431795.0;14241509.0;96514.0;1053869.0;9884100.0;274
;;;1455022.0;14476879.0;96557.0;1067473.0;9906165.0;275
;;;1480874.0;14698889.0;96602.0;1084743.0;9932547.0;276
;;;1509875.0;14878214.0;96643.0;1106789.0;9956557.0;277
;;;1538217.0;15073674.0;96826.0;1130238.0;9979447.0;278
;;;1564532.0;15300731.0;96921.0;1153556.0;10004599.0;279
;;;1585178.0;15516738.0;96984.0;1171323.0;10031223.0;280
;;;1601554.0;15753682.0;97004.0;1183655.0;10055560.0;281
;;;1620901.0;15992585.0;97097.0;1197709.0;10075116.0;282
;;;1641610.0;16217119.0;97153.0;1218524.0;10099066.0;283
;;;1664829.0;16408717.0;97250.0;1242203.0;10123778.0;284
;;;1688939.0;16618545.0;97333.0;1272078.0;10146845.0;285
;;;1709991.0;16844860.0;97411.0;1300516.0;10169118.0;286
;;;1728878.0;17079664.0;97565.0;1320716.0;10187850.0;287
;;;1742557.0;17319910.0;97622.0;1337078.0;10207871.0;288
;;;1757394.0;17567855.0;97684.0;1351510.0;10224303.0;289
;;;1770149.0;17773707.0;97740.0;1379238.0;10244852.0;290
;;;1787147.0;17960902.0;97816.0;1406161.0;10266674.0;291
;;;1805873.0;18157760.0;97852.0;1439938.0;10286709.0;292
;;;1825775.0;18363691.0;97902.0;1471238.0;10305788.0;293
;;;1843712.0;18585131.0;97948.0;1494009.0;10323965.0;294
;;;1855737.0;18798079.0;97980.0;1510652.0;10340469.0;295
;;;1870576.0;18925256.0;98018.0;1530180.0;10356844.0;296
;;;1888144.0;19142696.0;98045.0;1554920.0;10374932.0;297
;;;1906377.0;19278657.0;98069.0;1587115.0;10395278.0;298
;;;1921778.0;19451959.0;98104.0;1612648.0;10413417.0;299
;;;1938083.0;19657930.0;98126.0;1627103.0;10413417.0;300
;;;1953185.0;19876227.0;98150.0;1640858.0;10450284.0;301
;;;1964054.0;20191315.0;98185.0;1651834.0;10466595.0;302
;;;1977370.0;20370218.0;98240.0;1664726.0;10479179.0;303
;;;1991278.0;20642497.0;98318.0;1687185.0;10495147.0;304
;;;2009317.0;20845898.0;98407.0;1719737.0;10512093.0;305
;;;2028354.0;21031400.0;98511.0;1742661.0;10527683.0;306
;;;2038759.0;21264264.0;98598.0;1755351.0;10542841.0;307
;;;2047696.0;21524027.0;98709.0;1765666.0;10557985.0;308
;;;2056277.0;21810271.0;98796.0;1775513.0;10571773.0;309
;;;2067487.0;22114339.0;98902.0;1787410.0;10581823.0;310
;;;2083689.0;22379078.0;99000.0;1808647.0;10595639.0;311
;;;2107166.0;22589921.0;99142.0;1835038.0;10610883.0;312
;;;2129376.0;22793884.0;99245.0;1866887.0;10625428.0;313
;;;2141201.0;23015698.0;99336.0;1891581.0;10639684.0;314
;;;2155446.0;23245029.0;99458.0;1908527.0;10654533.0;315
;;;2166244.0;23480606.0;99570.0;1921024.0;10667736.0;316
;;;2181619.0;23725604.0;99709.0;1933826.0;10676838.0;317
;;;2201945.0;23943293.0;99839.0;1953426.0;10689527.0;318
;;;2220361.0;24119847.0;99945.0;1978590.0;10701193.0;319
;;;2237890.0;24260675.0;100043.0;2000958.0;10720048.0;320
;;;2257866.0;24417570.0;100159.0;2019636.0;10733130.0;321
;;;2276491.0;24604952.0;100275.0;2033518.0;10746174.0;322
;;;2289021.0;24797504.0;100405.0;2040659.0;10757610.0;323
;;;2303263.0;24989279.0;100509.0;2052028.0;10766245.0;324
;;;2319036.0;25167454.0;100617.0;2068002.0;10777284.0;325
;;;2336279.0;25307600.0;100737.0;2088400.0;10790183.0;326
;;;2352423.0;25437201.0;100844.0;2106262.0;10802591.0;327
;;;2368733.0;25588209.0;100959.0;2122679.0;10814304.0;328
;;;2381277.0;25743665.0;101056.0;2134936.0;10826363.0;329
;;;2390102.0;25910426.0;101170.0;2141665.0;10838194.0;330
;;;2400598.0;26074169.0;101267.0;2148077.0;10847304.0;331
;;;2414166.0;26225109.0;101415.0;2161275.0;10858371.0;332
;;;2428221.0;26337967.0;101521.0;2178828.0;10871294.0;333
;;;2441854.0;26463281.0;101635.0;2192850.0;10880603.0;334
;;;2455185.0;26580311.0;101728.0;2205171.0;10892746.0;335
;;;2466813.0;26704683.0;101811.0;2216363.0;10904940.0;336
;;;2475372.0;26829713.0;101909.0;2221971.0;10916589.0;337
;;;2485956.0;26960825.0;102002.0;2228085.0;10925710.0;338
;;;2501147.0;27077685.0;102102.0;2237790.0;10937320.0;339
;;;2515507.0;27167114.0;102207.0;2252001.0;10950201.0;340
;;;2529070.0;27249913.0;102311.0;2264909.0;10963394.0;341
;;;2541783.0;27345294.0;102389.0;2275394.0;10977387.0;342
;;;2553032.0;27440577.0;102481.0;2284010.0;10991651.0;343
;;;2560957.0;27547349.0;102571.0;2288545.0;11005850.0;344
;;;2570608.0;27647931.0;102649.0;2291924.0;11016434.0;345
;;;2583790.0;27738689.0;102731.0;2299996.0;11030176.0;346
;;;2597446.0;27806997.0;102808.0;2310233.0;11046914.0;347
;;;2611659.0;27862445.0;102930.0;2320093.0;11063491.0;348
;;;2625098.0;27921667.0;103026.0;2328447.0;11079979.0;349
;;;2636738.0;27990512.0;103170.0;2334561.0;11096731.0;350
;;;2644707.0;28063092.0;103331.0;2338987.0;11112241.0;351
;;;2655319.0;28138250.0;103461.0;2342843.0;11124527.0;352
;;;2668266.0;28212033.0;103626.0;2350399.0;11139516.0;353
;;;2683403.0;28267298.0;103754.0;2360606.0;11156923.0;354
;;;2697296.0;28322781.0;103895.0;2369719.0;11173761.0;355
;;;2710819.0;28396641.0;104146.0;2378883.0;11192045.0;356
;;;2721879.0;28471666.0;104322.0;2386559.0;11210799.0;357
;;;2729223.0;28548945.0;104563.0;2390928.0;11229398.0;358
;;;2739591.0;28624365.0;104777.0;2394811.0;11244786.0;359
;;;2751657.0;28695654.0;104995.0;2402818.0;11262707.0;360
;;;2765412.0;28747418.0;105246.0;2414687.0;11285561.0;361
;;;2780882.0;28797858.0;105525.0;2424684.0;11308846.0;362
;;;2795796.0;28856276.0;105715.0;2434446.0;11333728.0;363
;;;2809246.0;28923327.0;105955.0;2442336.0;11359048.0;364
;;;2818863.0;28992271.0;106193.0;2447068.0;11385339.0;365
;;;2832162.0;29060150.0;106453.0;2451011.0;11409831.0;366
;;;2848564.0;29121181.0;106683.0;2460030.0;11438734.0;367
;;;2868435.0;29162792.0;106954.0;2471942.0;11474605.0;368
;;;2888923.0;29206884.0;107069.0;2482522.0;11514331.0;369
;;;2907825.0;29262387.0;107230.0;2492079.0;11555284.0;370
;;;2925265.0;29320159.0;107402.0;2500182.0;11599130.0;371
;;;2938371.0;29381951.0;107510.0;2505193.0;11646081.0;372
;;;2955434.0;29444556.0;107642.0;2509445.0;11686796.0;373
;;;2976274.0;29501376.0;107771.0;2518591.0;11734058.0;374
;;;2999119.0;29540650.0;107827.0;2532947.0;11787534.0;375
;;;3023129.0;29591683.0;107902.0;2545781.0;11846652.0;376
;;;3046762.0;29645750.0;107961.0;2558455.0;11908910.0;377
;;;3067486.0;29705024.0;108012.0;2569245.0;11971624.0;378
;;;3081368.0;29767414.0;108060.0;2575849.0;12039644.0;379
;;;3101093.0;29829046.0;108135.0;2581329.0;12095855.0;380
;;;3123368.0;29887913.0;108174.0;2594764.0;12149335.0;381
;;;3149017.0;29923291.0;108226.0;2612268.0;12221665.0;382
;;;3175807.0;29970715.0;108288.0;2629750.0;12303131.0;383
;;;3201838.0;30023573.0;108342.0;2645783.0;12392260.0;384
;;;3223142.0;30111330.0;108365.0;2659516.0;12485509.0;385
;;;3238394.0;30178957.0;108414.0;2667225.0;12589067.0;386
;;;3258770.0;30255328.0;108450.0;2674710.0;12686049.0;387
;;;3281810.0;30319383.0;108482.0;2690523.0;12801785.0;388
;;;3306711.0;30365703.0;108519.0;2713180.0;12928574.0;389
;;;3332418.0;30431575.0;108551.0;2734753.0;13060542.0;390
;;;3356331.0;30493265.0;108575.0;2755225.0;13205926.0;391
;;;3376376.0;30562795.0;108607.0;2772401.0;13358805.0;392
;;;3400877.0;30639651.0;108645.0;2782273.0;13527717.0;393
;;;3419616.0;30713675.0;108674.0;2791822.0;13689453.0;394
;;;3440862.0;30778555.0;108707.0;2808873.0;13873825.0;395
;;;3464543.0;30816478.0;108743.0;2833173.0;14074564.0;396
;;;3488619.0;30883565.0;108775.0;2855061.0;14291917.0;397
;;;3512453.0;30946391.0;108807.0;2873190.0;14526609.0;398
;;;3532057.0;31022168.0;108839.0;2885386.0;14788003.0;399
;;;3544957.0;31102234.0;108866.0;2893883.0;15061805.0;400
;;;3561012.0;31186987.0;108906.0;2900768.0;15320972.0;401
;;;3584899.0;31257522.0;108950.0;2910445.0;15616130.0;402
;;;3607083.0;31304978.0;108997.0;2930852.0;15930774.0;403
;;;3629000.0;31367160.0;109034.0;2956316.0;16263695.0;404
;;;3650247.0;31448001.0;109061.0;2980413.0;16610481.0;405
;;;3668264.0;31523605.0;109101.0;2998268.0;16960172.0;406
;;;3678944.0;31597587.0;109131.0;3011513.0;17313163.0;407
;;;3686707.0;31681060.0;109162.0;3022323.0;17636186.0;408
;;;3700393.0;31736547.0;109207.0;3044016.0;17997113.0;409
;;;3717602.0;31780376.0;109248.0;3073442.0;18376421.0;410
;;;3736526.0;31838922.0;109280.0;3099273.0;18762976.0;411
;;;3754077.0;31901362.0;109315.0;3123077.0;19164969.0;412
;;;3769814.0;31965709.0;109350.0;3142262.0;19557457.0;413
;;;3779594.0;32032428.0;109390.0;3153699.0;19925517.0;414
;;;3793033.0;32095323.0;109464.0;3163308.0;20282833.0;415
;;;3809193.0;32150295.0;109538.0;3188192.0;20664979.0;416
;;;3826156.0;32185064.0;109577.0;3217710.0;21077410.0;417
;;;3842079.0;32227351.0;109628.0;3245253.0;21491598.0;418
;;;3857443.0;32279633.0;109655.0;3268645.0;21892676.0;419
;;;3870131.0;32334819.0;109686.0;3287418.0;22296081.0;420
;;;3878994.0;32393645.0;109713.0;3299325.0;22662575.0;421
;;;3891063.0;32451748.0;109735.0;3310301.0;22992517.0;422
;;;3904899.0;32500524.0;109762.0;3332532.0;23340938.0;423
;;;3920945.0;32531080.0;109781.0;3357268.0;23703665.0;424
;;;3935703.0;32575702.0;109815.0;3381597.0;24046809.0;425
;;;3949517.0;32618597.0;109850.0;3400532.0;24372907.0;426
;;;3962674.0;32664640.0;109878.0;3416822.0;24684077.0;427
;;;3971114.0;32710819.0;109906.0;3425982.0;24965463.0;428
;;;3981512.0;32759234.0;109960.0;3433516.0;25228996.0;429
;;;3994894.0;32794889.0;110001.0;3451550.0;25496330.0;430
;;;4009208.0;32817759.0;110029.0;3473503.0;25772440.0;431
;;;4022653.0;32850135.0;110060.0;3491988.0;26031991.0;432
;;;4035617.0;32885613.0;110081.0;3507673.0;26289290.0;433
;;;4044762.0;32921764.0;110109.0;3520329.0;26530132.0;434
;;;4050708.0;32960500.0;110169.0;3527251.0;26752447.0;435
;;;4059821.0;33002717.0;110235.0;3533376.0;26948874.0;436
;;;4070400.0;33033474.0;110273.0;3548285.0;27157795.0;437
;;;4082198.0;33051166.0;110327.0;3565704.0;27369093.0;438
;;;4092747.0;33076409.0;110382.0;3577040.0;27555457.0;439
;;;4102921.0;33105324.0;110405.0;3584934.0;27729247.0;440
;;;4111210.0;33134929.0;110442.0;3593434.0;27894800.0;441
;;;4116287.0;33165146.0;110474.0;3598846.0;28047534.0;442
;;;4123230.0;33193971.0;110513.0;3603055.0;28175044.0;443
;;;4131078.0;33215184.0;110536.0;3614095.0;28307832.0;444
;;;4139160.0;33228968.0;110587.0;3626393.0;28441986.0;445
;;;4146722.0;33250840.0;110619.0;3635162.0;28574350.0;446
;;;4153374.0;33275430.0;110658.0;3642244.0;28694879.0;447
;;;4159122.0;33300026.0;110683.0;3648958.0;28809339.0;448
;;;4162576.0;33326868.0;110715.0;3651640.0;28909975.0;449
;;;4167025.0;33349110.0;110778.0;3653551.0;28996473.0;450
;;;4172525.0;33362421.0;110829.0;3656177.0;29089069.0;451
;;;4178261.0;33369775.0;110881.0;3662490.0;29182532.0;452
;;;4183476.0;33376050.0;110916.0;3669870.0;29274823.0;453
;;;4188190.0;33396903.0;110952.0;3675296.0;29359155.0;454
;;;4192183.0;33413615.0;110966.0;3679148.0;29439989.0;455
;;;4194672.0;33432011.0;111014.0;3681126.0;29510410.0;456
;;;4197892.0;33449876.0;111053.0;3682911.0;29570881.0;457
;;;4201827.0;33465480.0;111079.0;3687828.0;29633105.0;458
;;;4205970.0;33471496.0;111110.0;3692468.0;29700313.0;459
;;;4209707.0;33485566.0;111142.0;3695633.0;29762793.0;460
;;;4213055.0;33498605.0;111172.0;3697927.0;29823546.0;461
;;;4216003.0;33517170.0;111211.0;3700367.0;29881772.0;462
;;;4217821.0;33531951.0;111252.0;3701484.0;29935221.0;463
;;;4220304.0;33557101.0;111290.0;3702688.0;29977861.0;464
;;;4223200.0;33566261.0;111325.0;3705942.0;30028709.0;465
;;;4225163.0;33571531.0;111354.0;3709129.0;30082778.0;466
;;;4227719.0;33583317.0;111385.0;3711569.0;30134445.0;467
;;;4230153.0;33594046.0;111411.0;3713480.0;30183143.0;468
;;;4232428.0;33605954.0;111431.0;3714969.0;30233183.0;469
;;;4233698.0;33617717.0;111451.0;3715518.0;30279331.0;470
;;;4235592.0;33638899.0;111478.0;3716170.0;30316897.0;471
;;;4237790.0;33647951.0;111501.0;3717625.0;30362848.0;472
;;;4239868.0;33652907.0;111522.0;3718955.0;30411634.0;473
;;;4241760.0;33663461.0;111558.0;3720031.0;30458251.0;474
;;;4243482.0;33674257.0;111596.0;3721139.0;30502362.0;475
;;;4244872.0;33686922.0;111614.0;3721981.0;30545433.0;476
;;;4245779.0;33701397.0;111637.0;3722327.0;30585229.0;477
;;;4247032.0;33726000.0;111674.0;3722782.0;30619932.0;478
;;;4248432.0;33735369.0;111720.0;3723798.0;30663665.0;479
;;;4249755.0;33739991.0;111766.0;3724806.0;30709557.0;480
;;;4250902.0;33753574.0;111803.0;3725580.0;30752950.0;481
;;;4252095.0;33761051.0;111832.0;3726172.0;30795716.0;482
;;;4252976.0;33776402.0;111857.0;3726710.0;30837222.0;483
;;;4253460.0;33791522.0;111897.0;3726929.0;30874376.0;484
;;;4254294.0;33821279.0;111933.0;3727333.0;30907282.0;485
;;;4255434.0;33826693.0;111975.0;3728141.0;30946147.0;486
;;;4255700.0;33830978.0;112014.0;3729033.0;30987880.0;487
;;;4256451.0;33839880.0;112051.0;3729682.0;31026829.0;488
;;;4257289.0;33862162.0;112082.0;3730353.0;31064908.0;489
;;;4258069.0;33882338.0;112113.0;3730912.0;31106065.0;490
;;;4258456.0;33903203.0;112141.0;3731124.0;31144229.0;491
;;;4259133.0;33950795.0;112183.0;3731564.0;31174322.0;492
;;;4259909.0;33960914.0;112207.0;3732549.0;31216337.0;493
;;;4260788.0;33972661.0;112256.0;3733519.0;31257720.0;494
;;;4261582.0;34002084.0;112286.0;3734468.0;31293062.0;495
;;;4262511.0;34028615.0;112329.0;3735420.0;31332159.0;496
;;;4263317.0;34059740.0;112368.0;3736165.0;31371901.0;497
;;;4263797.0;34091701.0;112407.0;3736489.0;31411262.0;498
;;;4264704.0;34169810.0;112450.0;3737135.0;31440951.0;499
;;;4265714.0;34183912.0;112503.0;3738683.0;31484605.0;500
;;;4267105.0;34204241.0;112539.0;3740325.0;31528114.0;501
;;;4268491.0;34253084.0;112597.0;3741781.0;31572344.0;502
;;;4269885.0;34292810.0;112620.0;3743389.0;31613993.0;503
;;;4271276.0;34340546.0;112653.0;3744681.0;31655824.0;504
;;;4272163.0;34397072.0;112702.0;3745227.0;31695958.0;505
;;;4273693.0;34517874.0;112758.0;3746410.0;31726507.0;506
;;;4275846.0;34546618.0;112820.0;3748613.0;31769132.0;507
;;;4278319.0;34574590.0;112854.0;3750503.0;31812114.0;508
;;;4281214.0;34653962.0;112896.0;3752592.0;31856757.0;509
;;;4284332.0;34718965.0;112943.0;3754511.0;31895385.0;510
;;;4287458.0;34792541.0;112997.0;3755898.0;31934455.0;511
;;;4289528.0;34865086.0;113040.0;3756856.0;31969954.0;512
;;;4293083.0;35056531.0;113094.0;3758401.0;31998158.0;513
;;;4297337.0;35100422.0;113157.0;3761169.0;32036511.0;514
;;;4302393.0;35144991.0;113186.0;3764311.0;32077706.0;515
;;;4307535.0;35253352.0;113229.0;3766765.0;32117826.0;516
;;;4312673.0;35351106.0;113278.0;3769165.0;32156493.0;517
;;;4317415.0;35453552.0;113305.0;3771262.0;32192576.0;518
;;;4320530.0;35563239.0;113347.0;3772109.0;32225513.0;519
;;;4325046.0;35815135.0;113394.0;3773875.0;32250679.0;520
;;;4330739.0;35878140.0;113431.0;3777446.0;32285857.0;521
;;;4336906.0;35913016.0;113478.0;3780985.0;32322258.0;522
;;;4343519.0;36072803.0;113519.0;3784433.0;32358829.0;523
;;;4350028.0;36190605.0;113555.0;3787639.0;32393286.0;524
;;;4355348.0;36345057.0;113577.0;3790766.0;32424234.0;525
;;;4358533.0;36489143.0;113614.0;3791949.0;32449306.0;526
;;;4363374.0;36715949.0;113667.0;3794429.0;32474773.0;527
;;;4369964.0;36789016.0;113694.0;3799425.0;32512366.0;528
;;;4377188.0;36835804.0;113735.0;3805063.0;32558530.0;529
;;;4383787.0;37030159.0;113771.0;3810641.0;32603188.0;530
;;;4390684.0;37180751.0;113854.0;3816285.0;32649947.0;531
;;;4396417.0;37348354.0;113910.0;3821013.0;32695030.0;532
;;;4400617.0;37503575.0;113943.0;3823139.0;32737939.0;533
;;;4406241.0;37742650.0;113992.0;3827051.0;32768880.0;534
;;;4413162.0;37834846.0;114006.0;3835375.0;32810845.0;535
;;;4420429.0;37879049.0;114074.0;3843775.0;32857937.0;536
;;;4427827.0;38087274.0;114112.0;3853055.0;32903289.0;537
;;;4435008.0;38241736.0;114156.0;3861147.0;32945907.0;538
;;;4440669.0;38420719.0;114193.0;3868197.0;32988673.0;539
;;;4444338.0;38604490.0;114236.0;3871865.0;33027621.0;540
;;;4449606.0;38843162.0;114286.0;3877612.0;33058843.0;541
;;;4456765.0;38922051.0;114330.0;3889173.0;33096718.0;542
;;;4464005.0;38974063.0;114386.0;3901799.0;33139981.0;543
;;;4471225.0;39203277.0;114464.0;3913828.0;33174954.0;544
;;;4478691.0;39383238.0;114489.0;3924131.0;33208330.0;545
;;;4484613.0;39573756.0;114589.0;3932547.0;33236921.0;546
;;;4488779.0;39752892.0;114648.0;3937106.0;33264175.0;547
;;;4494857.0;39988336.0;114711.0;3942856.0;33289579.0;548
;;;4502396.0;40074244.0;114763.0;3956387.0;33316755.0;549
;;;4509611.0;40137749.0;114853.0;3970102.0;33347325.0;550
;;;4517434.0;40231491.0;114935.0;3984353.0;33381728.0;551
;;;4524292.0;40440659.0;115032.0;3995188.0;33417390.0;552
;;;4530246.0;40617585.0;115090.0;4005641.0;33448163.0;553
;;;4534499.0;40784004.0;115170.0;4010390.0;33478419.0;554
;;;4539991.0;41026016.0;115248.0;4017116.0;33504534.0;555
;;;4546487.0;41115147.0;115341.0;4030681.0;33531498.0;556
;;;4553241.0;41163499.0;115473.0;4046112.0;33563421.0;557
;;;4559970.0;41374278.0;115619.0;4059081.0;33594803.0;558
;;;4566126.0;41519682.0;115760.0;4070295.0;33624419.0;559
;;;4571440.0;41692935.0;115854.0;4077640.0;33652745.0;560
;;;4574787.0;41851714.0;116037.0;4083151.0;33678786.0;561
;;;4579502.0;42062577.0;116198.0;4089476.0;33697581.0;562
;;;4585423.0;42137550.0;116327.0;4101931.0;33716451.0;563
;;;4590941.0;42182422.0;116460.0;4114856.0;33739980.0;564
;;;4596558.0;42354226.0;116601.0;4125878.0;33766707.0;565
;;;4601749.0;42475964.0;116710.0;4134779.0;33791061.0;566
;;;4606413.0;42607315.0;116803.0;4142116.0;33813903.0;567
;;;4609205.0;42736482.0;116944.0;4145852.0;33834702.0;568
;;;4613214.0;42911248.0;117016.0;4150516.0;33853048.0;569
;;;4618040.0;42971743.0;117083.0;4160970.0;33871881.0;570
;;;4623155.0;43026060.0;117160.0;4171666.0;33894312.0;571
;;;4627699.0;43182007.0;117216.0;4181393.0;33915569.0;572
;;;4632275.0;43294759.0;117263.0;4188604.0;33935309.0;573
;;;4636111.0;43416148.0;117329.0;4196378.0;33953475.0;574
;;;4638516.0;43526534.0;117391.0;4199400.0;33971607.0;575
;;;4641890.0;43681364.0;117441.0;4203571.0;33985920.0;576
;;;4645853.0;43729568.0;117493.0;4215351.0;34001743.0;577
;;;4649906.0;43774347.0;117538.0;4227501.0;34020730.0;578
;;;4653696.0;43917262.0;117591.0;4237619.0;34037592.0;579
;;;4657215.0;44012495.0;117622.0;4246136.0;34053573.0;580
;;;4660314.0;44124669.0;117661.0;4252300.0;34067719.0;581
;;;4662087.0;44226197.0;117711.0;4255388.0;34081315.0;582
;;;4665049.0;44357613.0;117768.0;4260187.0;34094373.0;583
;;;4668261.0;44396440.0;117813.0;4271734.0;34108996.0;584
;;;4672355.0;44436110.0;117859.0;4283378.0;34127450.0;585
;;;4675758.0;44532173.0;117919.0;4293807.0;34143236.0;586
;;;4679067.0;44642779.0;117950.0;4302661.0;34159562.0;587
;;;4682034.0;44751242.0;117991.0;4310273.0;34175468.0;588
;;;4683646.0;44838188.0;118037.0;4313384.0;34189774.0;589
;;;4686109.0;44947669.0;118082.0;4318355.0;34202202.0;590
;;;4689341.0;44987453.0;118126.0;4330258.0;34215653.0;591
;;;4692274.0;45019110.0;118172.0;4342640.0;34231809.0;592
;;;4695291.0;45118061.0;118223.0;4354158.0;34246157.0;593
;;;4698038.0;45199978.0;118255.0;4365107.0;34260470.0;594
;;;4700316.0;45291598.0;118296.0;4373789.0;34273300.0;595
;;;4701832.0;45369682.0;118321.0;4377845.0;34285814.0;596
;;;4704318.0;45465634.0;118371.0;4384616.0;34296237.0;597
;;;4707087.0;45498054.0;118437.0;4401631.0;34308140.0;598
;;;4709753.0;45517224.0;118528.0;4417708.0;34321025.0;599
;;;4712482.0;45629796.0;118646.0;4437280.0;34333754.0;600
;;;4715464.0;45696453.0;118724.0;4452425.0;34344683.0;601
;;;4717899.0;45799015.0;118808.0;4466157.0;34355509.0;602
;;;4719493.0;45874110.0;118892.0;4472730.0;34366987.0;603
;;;4722188.0;45969216.0;118958.0;4483203.0;34377113.0;604
;;;4725887.0;46003511.0;119038.0;4506415.0;34388579.0;605
;;;4729678.0;46035837.0;119101.0;4534452.0;34401670.0;606
;;;4733557.0;46149089.0;119188.0;4559120.0;34414186.0;607
;;;4737462.0;46217836.0;119239.0;4580663.0;34426036.0;608
;;;4741185.0;46303430.0;119290.0;4597550.0;34437307.0;609
;;;4743720.0;46384868.0;119360.0;4607208.0;34447536.0;610
;;;4747773.0;46481725.0;119418.0;4618021.0;34456401.0;611
;;;4752368.0;46516587.0;119471.0;4638419.0;34466598.0;612
;;;4757231.0;46553415.0;119526.0;4672368.0;34478517.0;613
;;;4762563.0;46664163.0;119578.0;4709488.0;34489623.0;614
;;;4767440.0;46742524.0;119624.0;4743490.0;34499925.0;615
;;;4771965.0;46837594.0;119670.0;4767033.0;34510413.0;616
;;;4774783.0;46895238.0;119726.0;4782546.0;34518901.0;617
;;;4777614.0;47038748.0;119790.0;4804378.0;34526480.0;618
;;;4782802.0;47082700.0;119832.0;4844054.0;34535763.0;619
;;;4788704.0;47114612.0;119872.0;4894250.0;34544882.0;620
;;;4795465.0;47248648.0;119916.0;4942890.0;34555431.0;621
;;;4802225.0;47335919.0;119965.0;4987971.0;34563749.0;622
;;;4808047.0;47448766.0;120007.0;5021469.0;34572523.0;623
;;;4812594.0;47558594.0;120048.0;5045076.0;34580832.0;624
;;;4818705.0;47685469.0;120081.0;5077124.0;34587822.0;625
;;;4826738.0;47730830.0;120102.0;5129950.0;34596776.0;626
;;;4835435.0;47770662.0;120169.0;5195321.0;34606541.0;627
;;;4843957.0;47915277.0;120195.0;5248291.0;34615757.0;628
;;;4852496.0;48006622.0;120234.0;5312215.0;34624360.0;629
;;;4860061.0;48118202.0;120278.0;5354942.0;34624360.0;630
;;;4865260.0;48157521.0;120304.0;5385585.0;34641561.0;631
;;;4873075.0;48210942.0;120349.0;5430911.0;34648383.0;632
;;;4883242.0;48237480.0;120389.0;5497795.0;34656822.0;633
;;;4893887.0;48280629.0;120426.0;5573756.0;34666241.0;634
;;;4904441.0;48466921.0;120460.0;5650170.0;34674643.0;635
;;;4915981.0;48584027.0;120507.0;5717295.0;34682633.0;636
;;;4925688.0;48721141.0;120550.0;5761696.0;34690510.0;637
;;;4932091.0;48859993.0;120629.0;5791060.0;34697860.0;638
;;;4942135.0;49018605.0;120701.0;5836813.0;34703644.0;639
;;;4954585.0;49084946.0;120765.0;5903999.0;34710628.0;640
;;;4968341.0;49140130.0;120817.0;5977208.0;34718602.0;641
;;;4982022.0;49317816.0;120872.0;6051560.0;34726049.0;642
;;;4994891.0;49431076.0;120954.0;6116070.0;34726049.0;643
;;;5007818.0;49580988.0;121015.0;6158125.0;34733194.0;644
;;;5015790.0;49705518.0;121102.0;6185961.0;34746838.0;645
;;;5028547.0;49863728.0;121200.0;6222020.0;34752164.0;646
;;;5043620.0;49920316.0;121292.0;6291621.0;34758481.0;647
;;;5060430.0;49972625.0;121396.0;6362232.0;34765976.0;648
;;;5077445.0;50158111.0;121477.0;6423520.0;34772626.0;649
;;;5094072.0;50273149.0;121593.0;6477217.0;34779815.0;650
;;;5109082.0;50416777.0;121714.0;6509863.0;34786802.0;651
;;;5118576.0;50558508.0;121827.0;6531606.0;34793333.0;652
;;;5134318.0;50751164.0;121925.0;6562429.0;34799691.0;653
;;;5152264.0;50830924.0;122022.0;6613730.0;34808886.0;654
;;;5164780.0;50920124.0;122141.0;6670407.0;34822040.0;655
;;;5185270.0;51160166.0;122228.0;6721375.0;34838804.0;656
;;;5206305.0;51339581.0;122345.0;6764188.0;34861579.0;657
;;;5225517.0;51583323.0;122445.0;6793536.0;34889132.0;658
;;;5238221.0;51853085.0;122563.0;6809622.0;34922882.0;659
;;;5258886.0;52101608.0;122658.0;6833050.0;34960261.0;660
;;;5282076.0;52188263.0;122750.0;6878709.0;35018358.0;661
;;;5308180.0;52366649.0;122826.0;6923636.0;35109286.0;662
;;;5336795.0;52867219.0;122855.0;6959067.0;35226386.0;663
;;;5364852.0;53229255.0;122895.0;6981281.0;35368372.0;664
;;;5389155.0;53731367.0;122946.0;6991381.0;35528004.0;665
;;;5405360.0;54322064.0;122994.0;7005289.0;35707727.0;666
;;;5436143.0;54835685.0;123041.0;7026369.0;35875790.0;667
;;;5472469.0;55024448.0;123076.0;7066412.0;36070510.0;668
;;;5517054.0;55310405.0;123123.0;7109182.0;36317927.0;669
;;;5567644.0;56355361.0;123169.0;7150422.0;36582129.0;670
;;;5622431.0;57167584.0;123212.0;7176814.0;36850962.0;671
;;;5647313.0;57830190.0;123252.0;7189329.0;37122164.0;672
;;;5678112.0;58665223.0;123293.0;7207847.0;37380253.0;673
;;;5756412.0;59534979.0;123339.0;7238408.0;37618271.0;674
;;;5854428.0;59932672.0;123376.0;7297320.0;37901241.0;675
;;;5981428.0;60417703.0;123441.0;7361660.0;38218773.0;676
;;;6125683.0;61801616.0;123501.0;7417995.0;38566027.0;677
;;;6266939.0;62589010.0;123638.0;7473884.0;38903731.0;678
;;;6328076.0;63437652.0;123725.0;7510436.0;39237264.0;679
;;;6396110.0;64298999.0;123839.0;7535691.0;39543328.0;680
;;;6566947.0;65179067.0;123956.0;7581381.0;39799202.0;681
;;;6756035.0;65587392.0;124034.0;7661811.0;40085116.0;682
;;;6975465.0;66067198.0;124123.0;7743228.0;40371500.0;683
;;;7083762.0;66742339.0;124262.0;7835451.0;40622709.0;684
;;;7281297.0;67871860.0;124346.0;7913473.0;40858241.0;685
;;;7436939.0;68779993.0;124447.0;7965977.0;41092522.0;686
;;;7554344.0;69512599.0;124549.0;8000122.0;41302440.0;687
;;;7774863.0;70353700.0;124673.0;8074527.0;41469499.0;688
;;;7971068.0;70656216.0;124751.0;8186850.0;41630885.0;689
;;;8155645.0;71021670.0;124856.0;8320386.0;41803318.0;690
;;;8356514.0;71943834.0;124925.0;8460546.0;41952712.0;691
;;;8549450.0;72436931.0;125012.0;8596007.0;42080664.0;692
;;;8706915.0;73061000.0;125112.0;8681447.0;42188138.0;693
;;;8790302.0;73567263.0;125216.0;8744840.0;42272014.0;694
;;;9018425.0;74181343.0;125363.0;8871795.0;42339611.0;695
;;;9219391.0;74359970.0;125475.0;9035795.0;42410976.0;696
;;;9418256.0;74557934.0;125623.0;9238931.0;42478060.0;697
;;;9603856.0;75100179.0;125695.0;9429079.0;42536137.0;698
;;;9781191.0;75425593.0;125835.0;9618245.0;42586544.0;699
;;;9923678.0;75755134.0;125958.0;9737215.0;42631421.0;700
;;;10001344.0;76029946.0;126065.0;9815533.0;42665534.0;701
;;;10212621.0;76384918.0;126233.0;9978146.0;42692943.0;702
;;;10383561.0;76471349.0;126319.0;10186644.0;42723558.0;703
;;;10539601.0;76554826.0;126559.0;10422764.0;42754315.0;704
;;;10683948.0;76901267.0;126937.0;10671602.0;42780235.0;705
;;;10821375.0;77115639.0;127161.0;10889417.0;42802505.0;706
;;;10925485.0;77304046.0;127390.0;11022590.0;42822473.0;707
;;;10983116.0;77475459.0;127623.0;11117857.0;42838524.0;708
;;;11116422.0;77684778.0;127896.0;11287428.0;42851929.0;709
;;;11235745.0;77736645.0;128132.0;11521678.0;42867031.0;710
;;;11348701.0;77794966.0;128259.0;11769540.0;42881179.0;711
;;;11449601.0;77965147.0;128596.0;12009712.0;42894345.0;712
;;;11542793.0;78076319.0;128771.0;12219501.0;42905844.0;713
;;;11621736.0;78191136.0;129064.0;12344661.0;42916117.0;714
;;;11663338.0;78292827.0;129280.0;12421126.0;42924130.0;715
;;;11765767.0;78437997.0;129491.0;12580343.0;42931045.0;716
;;;11847436.0;78469403.0;129738.0;12800315.0;42938599.0;717
;;;11923631.0;78492408.0;129959.0;13035941.0;42945160.0;718
;;;11991109.0;78575298.0;130213.0;13255989.0;42951556.0;719
;;;12053330.0;78664633.0;130497.0;13445094.0;42957477.0;720
;;;12105675.0;78749771.0;130737.0;13563126.0;42962953.0;721
;;;12134451.0;78816843.0;130977.0;13636993.0;42967315.0;722
;;;12205474.0;78891215.0;131184.0;13762895.0;42971308.0;723
;;;12265343.0;78938627.0;131327.0;13971947.0;42975883.0;724
;;;12323398.0;78956847.0;131601.0;14188269.0;42980067.0;725
;;;12377098.0;79055765.0;131796.0;14399012.0;42984261.0;726
;;;12427773.0;79102472.0;131928.0;14574845.0;42987875.0;727
;;;12469975.0;79155873.0;132043.0;14682758.0;42990991.0;728
;;;12494459.0;79204481.0;132148.0;14745107.0;42993494.0;729
;;;12554596.0;79255738.0;132264.0;14867218.0;42996062.0;730
;;;12603758.0;79270657.0;132383.0;15053624.0;42998938.0;731
;;;12651251.0;79283051.0;132597.0;15264297.0;43001477.0;732
;;;12693320.0;79347132.0;132772.0;15481890.0;43004005.0;733
;;;12732680.0;79376887.0;132978.0;15674100.0;43006080.0;734
;;;12764558.0;79414588.0;133209.0;15790989.0;43007841.0;735
;;;12782836.0;79461166.0;133484.0;15869417.0;43009390.0;736
;;;12829972.0;79510871.0;133709.0;16026216.0;43010971.0;737
;;;12867918.0;79521089.0;133939.0;16242070.0;43012749.0;738
;;;12910506.0;79532139.0;134139.0;16504822.0;43014687.0;739
;;;12948859.0;79567523.0;134345.0;16757658.0;43016372.0;740
;;;12990223.0;79591898.0;134564.0;16994744.0;43018032.0;741
;;;13026112.0;79638027.0;134745.0;17141351.0;43019453.0;742
;;;13048774.0;79691199.0;135008.0;17233729.0;43020723.0;743
;;;13109527.0;79722557.0;135216.0;17432617.0;43021982.0;744
;;;13159342.0;79733436.0;135663.0;17695210.0;43023215.0;745
;;;13214498.0;79744887.0;136115.0;17990141.0;43024440.0;746
;;;13268459.0;79787156.0;136880.0;18287986.0;43025775.0;747
;;;13323179.0;79811718.0;137648.0;18548225.0;43027035.0;748
;;;13373207.0;79852729.0;138855.0;18680017.0;43028131.0;749
;;;13402905.0;79895723.0;139968.0;18772331.0;43029044.0;750
;;;13489319.0;79942159.0;141448.0;18994411.0;43029839.0;751
;;;13563466.0;79951593.0;143060.0;19278143.0;43030925.0;752
;;;13645834.0;79963383.0;144519.0;19596530.0;43031958.0;753
;;;13724411.0;80002353.0;146700.0;19893028.0;43033067.0;754
;;;13800179.0;80026534.0;148461.0;20145054.0;43034217.0;755
;;;13861743.0;80065716.0;152856.0;20256278.0;43035271.0;756
;;;13895188.0;80111350.0;159083.0;20323779.0;43036132.0;757
;;;13992092.0;80143568.0;162889.0;20561131.0;43036928.0;758
;;;14070450.0;80155375.0;169170.0;20829608.0;43038016.0;759
;;;14153098.0;80160130.0;175417.0;21357095.0;43039023.0;760
;;;14229495.0;80189034.0;183114.0;21357039.0;43039972.0;761
;;;14304111.0;80214637.0;189565.0;21553495.0;43040947.0;762
;;;14364723.0;80255584.0;198478.0;21668677.0;43042097.0;763
;;;14396283.0;80306222.0;207599.0;21668677.0;43044280.0;764
;;;14496579.0;80381248.0;217932.0;21849074.0;43045527.0;765
;;;14567990.0;80393960.0;292792.0;22265788.0;43047594.0;766
;;;14642354.0;80403492.0;344032.0;22441051.0;43049974.0;767
;;;14719394.0;80443833.0;400569.0;22591726.0;43052425.0;768
;;;14790806.0;80479577.0;456582.0;22647197.0;43054952.0;769
;;;14845815.0;80534967.0;533295.0;22677986.0;43057545.0;770
;;;14877144.0;80585631.0;610697.0;22878428.0;43060086.0;771
;;;14966058.0;80621069.0;683791.0;23017079.0;43060097.0;772
;;;15035943.0;80633405.0;751844.0;23182447.0;43065496.0;773
;;;15106066.0;80640908.0;792163.0;23339311.0;43068799.0;774
;;;15173707.0;80702296.0;829306.0;23376879.0;43072176.0;775
;;;15238128.0;80741558.0;868818.0;23416663.0;43075864.0;776
;;;15292048.0;80810497.0;899945.0;23437145.0;43079188.0;777
;;;15320753.0;80872193.0;932696.0;23459628.0;43082345.0;778
;;;15404809.0;80962245.0;963302.0;23658211.0;43084913.0;779
;;;15467395.0;80981977.0;992569.0;23844536.0;43088118.0;780
;;;15533012.0;80995465.0;1028437.0;24006254.0;43091393.0;781
;;;15595302.0;81065669.0;1057573.0;24141333.0;43094938.0;782
;;;15659835.0;81111019.0;1090400.0;24180512.0;43098743.0;783
;;;15712088.0;81201034.0;1123895.0;24200596.0;43102194.0;784
;;;15730676.0;81278389.0;1147435.0;24337394.0;43105401.0;785
;;;15758002.0;81339578.0;1171570.0;24337394.0;43107689.0;786
;;;15858442.0;81363558.0;1193563.0;24609159.0;43110586.0;787
;;;15934437.0;81380258.0;1210422.0;24710769.0;43113413.0;788
;;;16008181.0;81474963.0;1228883.0;24798067.0;43116254.0;789
;;;16079209.0;81524549.0;1249958.0;24809785.0;43119112.0;790
;;;16136057.0;81636574.0;1266606.0;24813817.0;43121599.0;791
;;;16161339.0;81725122.0;1283788.0;24927339.0;43123801.0;792
;;;16191323.0;81853878.0;1299036.0;25033970.0;43125370.0;793
;;;16279754.0;81881696.0;1313471.0;25130137.0;43127199.0;794
;;;16349788.0;81887457.0;1327092.0;25215210.0;43129563.0;795
;;;16409183.0;82017464.0;1340972.0;25287462.0;43131822.0;796
;;;16463200.0;82087703.0;1355883.0;25295950.0;43134145.0;797
;;;16504791.0;82247881.0;1371807.0;25299300.0;43136371.0;798
;;;16523859.0;82361856.0;1385495.0;25406868.0;43138393.0;799
;;;16586268.0;82449226.0;1400358.0;25503878.0;43140068.0;800
;;;16633911.0;82466269.0;1414142.0;25592839.0;43142192.0;801
;;;16682626.0;82498369.0;1430893.0;25661838.0;43144820.0;802
;;;16726990.0;82677072.0;1446956.0;25723697.0;43147530.0;803
;;;16767773.0;82761646.0;1466859.0;25729848.0;43150215.0;804
;;;16798998.0;82965394.0;1490014.0;25732153.0;43153043.0;805
;;;16816419.0;83100539.0;1515913.0;25818405.0;43155749.0;806
;;;16872618.0;83249567.0;1541981.0;25890456.0;43158087.0;807
;;;16915301.0;83276477.0;1569185.0;25949175.0;43160832.0;808
;;;16954784.0;83296032.0;1597094.0;25998085.0;43164544.0;809
;;;16993813.0;83438446.0;1626085.0;26040460.0;43168585.0;810
;;;17030147.0;83521391.0;1652078.0;26044283.0;43172547.0;811
;;;17057873.0;83731365.0;1682737.0;26045528.0;43176817.0;812
;;;17071649.0;83876716.0;1713300.0;26109965.0;43181335.0;813
;;;17116550.0;83984555.0;1738527.0;26159106.0;43185049.0;814
;;;17147477.0;83997048.0;1762757.0;26198811.0;43190282.0;815
;;;17178199.0;84001587.0;1787635.0;26200663.0;;816
;;;17205017.0;84061301.0;1811382.0;26240639.0;;817
;;;17229263.0;84228228.0;1832597.0;26243352.0;;818
;;;17247552.0;84451901.0;1849430.0;26244107.0;;819
;;;17257573.0;84570325.0;1869000.0;26305996.0;;820
;;;17288287.0;84724329.0;1888027.0;26360953.0;;821
;;;17312432.0;84748884.0;1911669.0;26409455.0;;822
;;;17333299.0;84762022.0;1933414.0;26452148.0;;823
;;;17355119.0;84882287.0;1953258.0;26493235.0;;824
;;;17373741.0;85003945.0;1970377.0;26493235.0;;825
;;;17388877.0;;1983788.0;26496611.0;;826
;;;17396723.0;;1994593.0;26498361.0;;827
;;;17421410.0;;2005524.0;26583016.0;;828
;;;17440232.0;;2015624.0;;;829
;;;17457950.0;;2024284.0;;;830
;;;17467642.0;;2031342.0;;;831
;;;17490451.0;;2037518.0;;;832
;;;17505973.0;;2043178.0;;;833
;;;17514589.0;;2048423.0;;;834
;;;17543136.0;;2053250.0;;;835
;;;;;2057995.0;;;836
;;;;;2062668.0;;;837
;;;;;2066938.0;;;838
;;;;;2070480.0;;;839
;;;;;2072376.0;;;840
;;;;;2074583.0;;;841
;;;;;2077182.0;;;842
;;;;;2079353.0;;;843
;;;;;2081192.0;;;844
;;;;;2082624.0;;;845
;;;;;2084058.0;;;846
;;;;;2085584.0;;;847
;;;;;2086877.0;;;848
;;;;;2088229.0;;;849
;;;;;2089569.0;;;850
;;;;;2090677.0;;;851
;;;;;2091649.0;;;852
;;;;;2092491.0;;;853
;;;;;2093305.0;;;854
;;;;;2094030.0;;;855
;;;;;2094679.0;;;856
;;;;;2095275.0;;;857
;;;;;2095730.0;;;858
;;;;;2096200.0;;;859
;;;;;2096684.0;;;860
;;;;;2097282.0;;;861
;;;;;2097925.0;;;862
;;;;;2098595.0;;;863
;;;;;2099041.0;;;864
;;;;;2099865.0;;;865
;;;;;2100607.0;;;866
;;;;;2101049.0;;;867
