date;Italy;US;France;Germany;India
2020-01-22;0;1;0;0;0
2020-01-23;0;1;0;0;0
2020-01-24;0;2;2;0;0
2020-01-25;0;2;3;0;0
2020-01-26;0;5;3;0;0
2020-01-27;0;5;3;1;0
2020-01-28;0;5;4;4;0
2020-01-29;0;6;5;4;0
2020-01-30;0;6;5;4;1
2020-01-31;2;8;5;5;1
2020-02-01;2;8;6;8;1
2020-02-02;2;8;6;10;2
2020-02-03;2;11;6;12;3
2020-02-04;2;11;6;12;3
2020-02-05;2;11;6;12;3
2020-02-06;2;12;6;12;3
2020-02-07;3;12;6;13;3
2020-02-08;3;12;11;13;3
2020-02-09;3;12;11;14;3
2020-02-10;3;12;11;14;3
2020-02-11;3;13;11;16;3
2020-02-12;3;13;11;16;3
2020-02-13;3;14;11;16;3
2020-02-14;3;14;11;16;3
2020-02-15;3;14;12;16;3
2020-02-16;3;14;12;16;3
2020-02-17;3;14;12;16;3
2020-02-18;3;14;12;16;3
2020-02-19;3;14;12;16;3
2020-02-20;3;14;12;16;3
2020-02-21;20;16;12;16;3
2020-02-22;62;16;12;16;3
2020-02-23;155;16;12;16;3
2020-02-24;229;16;12;16;3
2020-02-25;322;16;14;16;3
2020-02-26;453;16;18;21;3
2020-02-27;655;17;38;26;3
2020-02-28;888;17;57;53;3
2020-02-29;1128;25;100;66;3
2020-03-01;1694;32;130;117;3
2020-03-02;2036;55;191;150;5
2020-03-03;2502;74;212;188;5
2020-03-04;3089;107;288;240;28
2020-03-05;3858;184;426;349;30
2020-03-06;4636;237;616;534;31
2020-03-07;5883;403;948;684;34
2020-03-08;7375;519;1125;847;39
2020-03-09;9172;594;1411;1112;43
2020-03-10;10149;782;1783;1296;56
2020-03-11;12462;1147;2293;1567;62
2020-03-12;15113;1586;2293;2369;73
2020-03-13;17660;2219;3681;3062;82
2020-03-14;21157;2978;4496;3795;102
2020-03-15;24747;3212;4532;4838;113
2020-03-16;27980;4679;6683;6012;119
2020-03-17;31506;6512;7715;7156;142
2020-03-18;35713;9169;9124;8198;156
2020-03-19;41035;13663;10970;10999;194
2020-03-20;47021;20030;12758;13957;244
2020-03-21;53578;26025;14463;16662;330
2020-03-22;59138;34944;16761;18610;396
2020-03-23;63927;46096;20120;22672;499
2020-03-24;69176;56714;22372;27436;536
2020-03-25;74386;68841;25331;31554;657
2020-03-26;80589;86662;29252;36508;727
2020-03-27;86498;105253;33045;42288;887
2020-03-28;92472;127417;37693;48582;987
2020-03-29;97689;143544;40296;52547;1024
2020-03-30;101739;165698;44645;57298;1251
2020-03-31;105792;192079;52281;61913;1397
2020-04-01;110574;223254;57125;67366;1998
2020-04-02;115242;255530;59227;73522;2543
2020-04-03;119827;287931;64452;79696;2567
2020-04-04;124632;319776;47376;85778;3082
2020-04-05;128948;349016;48225;91714;3588
2020-04-06;132547;380798;50884;95391;4778
2020-04-07;135586;410834;47395;99225;5311
2020-04-08;139422;441897;51250;103228;5916
2020-04-09;143626;477507;55034;108202;6725
2020-04-10;147577;511790;56600;113525;7598
2020-04-11;152271;540714;58045;117658;8446
2020-04-12;156363;567022;108792;120479;9205
2020-04-13;159516;594165;111933;123016;10453
2020-04-14;162488;622493;129381;125098;11487
2020-04-15;165155;648390;132588;127584;12322
2020-04-16;168941;678028;145166;130450;13430
2020-04-17;172434;711135;147057;133830;14352
2020-04-18;175925;738464;150861;137439;15722
2020-04-19;178972;763886;151955;139897;17615
2020-04-20;181228;793970;154402;141672;18539
2020-04-21;183957;820045;157068;143457;20080
2020-04-22;187327;849926;158867;145694;21370
2020-04-23;189973;881891;157158;148046;23077
2020-04-24;192994;913856;159969;150383;24530
2020-04-25;195351;944770;161647;152438;26283
2020-04-26;197675;970741;162280;154175;27890
2020-04-27;199414;995391;165966;155193;29451
2020-04-28;201505;1019964;169098;156337;31324
2020-04-29;203591;1046816;167643;157641;33062
2020-04-30;205463;1076518;168861;159119;34863
2020-05-01;207428;1111410;169387;160758;37257
2020-05-02;209328;1138174;170179;161703;39699
2020-05-03;210717;1161907;170540;162496;42505
2020-05-04;211938;1185709;171102;163175;46437
2020-05-05;213013;1209728;172219;163860;49400
2020-05-06;214457;1234210;176355;164807;52987
2020-05-07;215858;1261949;177096;166091;56351
2020-05-08;217185;1289132;177627;167300;59695
2020-05-09;218268;1313586;178155;168551;62808
2020-05-10;219070;1332333;178404;169218;67161
2020-05-11;219814;1351410;178719;169575;70768
2020-05-12;221216;1374792;179472;170508;74292
2020-05-13;222104;1394807;179993;171306;78055
2020-05-14;223096;1420697;180635;172239;81997
2020-05-15;223885;1445548;181148;173152;85784
2020-05-16;224760;1469598;181563;173772;90648
2020-05-17;225435;1488327;181703;174355;95698
2020-05-18;225886;1510635;182147;174697;100328
2020-05-19;226699;1531138;182648;175210;106475
2020-05-20;227364;1553964;183129;176007;112028
2020-05-21;228006;1579116;183396;176752;118226
2020-05-22;228658;1602945;184152;177212;124794
2020-05-23;229327;1623134;184698;177850;131423
2020-05-24;229858;1643308;184259;178281;138536
2020-05-25;230158;1662402;184584;178570;144950
2020-05-26;230555;1681128;184839;179002;150793
2020-05-27;231139;1699891;185012;179364;158086
2020-05-28;231732;1721158;188355;179717;165386
2020-05-29;232248;1746240;188949;180458;173491
2020-05-30;232664;1769320;190743;181196;181827
2020-05-31;232997;1788239;190975;181482;190609
2020-06-01;233197;1806079;191382;181815;198370
2020-06-02;233515;1826169;190735;182028;207191
2020-06-03;233836;1845325;187509;182370;216824
2020-06-04;234013;1873259;191869;182764;226713
2020-06-05;234531;1899699;192450;183271;236184
2020-06-06;234801;1919968;193022;183678;246622
2020-06-07;234998;1937794;193363;183979;257486
2020-06-08;235278;1954694;193637;184193;265928
2020-06-09;235561;1975015;194190;184543;276146
2020-06-10;235763;1996733;194815;184861;286605
2020-06-11;236142;2019011;195179;185416;297535
2020-06-12;236305;2044569;195980;185674;308993
2020-06-13;236651;2068726;196477;186022;320922
2020-06-14;236989;2087627;196867;186269;332424
2020-06-15;237290;2108626;197003;186461;343091
2020-06-16;237500;2133175;197666;186839;354065
2020-06-17;237828;2160225;198155;187184;366946
2020-06-18;238159;2188452;198741;187764;380532
2020-06-19;238011;2219506;199528;188534;395048
2020-06-20;238275;2251332;200147;189135;410451
2020-06-21;238499;2277168;200490;189822;425282
2020-06-22;238720;2306969;200632;190359;440215
2020-06-23;238833;2345698;201330;190862;456183
2020-06-24;239410;2381949;201598;191449;473105
2020-06-25;239706;2421248;201853;192079;490401
2020-06-26;239961;2470294;203116;192556;508953
2020-06-27;240136;2511048;203564;193243;528859
2020-06-28;240310;2553973;203157;193499;548318
2020-06-29;240436;2595268;203802;193761;566840
2020-06-30;240578;2645092;204244;194259;585481
2020-07-01;240760;2694215;205234;194725;604641
2020-07-02;240961;2749158;205773;195228;625544
2020-07-03;241184;2800662;206312;195674;648315
2020-07-04;241419;2846607;206670;196096;673165
2020-07-05;241611;2900335;206682;196335;697413
2020-07-06;241819;2943500;207700;196554;719664
2020-07-07;241956;3000731;208154;196944;742417
2020-07-08;242149;3061037;208976;197341;767296
2020-07-09;242363;3120693;209420;197783;793802
2020-07-10;242639;3189552;210135;198178;820916
2020-07-11;242827;3249991;210386;198556;849522
2020-07-12;243061;3310123;210402;198804;878254
2020-07-13;243230;3369487;211825;198963;906752
2020-07-14;243344;3435149;211887;199375;936181
2020-07-15;243506;3501175;212614;199726;968857
2020-07-16;243736;3571989;213183;200260;1003832
2020-07-17;243967;3638461;214009;200843;1039084
2020-07-18;244216;3702783;214174;201372;1077781
2020-07-19;244434;3761715;214178;201574;1118206
2020-07-20;244624;3822378;216089;201823;1155338
2020-07-21;244752;3890572;216684;202345;1193078
2020-07-22;245032;3958117;217605;202799;1238798
2020-07-23;245338;4026003;218841;203368;1288108
2020-07-24;245590;4101150;219932;204183;1337024
2020-07-25;245864;4165350;220016;204964;1385635
2020-07-26;246118;4221189;220020;205269;1435616
2020-07-27;246286;4280913;222508;205609;1480073
2020-07-28;246488;4345743;223072;206242;1531669
2020-07-29;246776;4409871;224542;206926;1581963
2020-07-30;247158;4479112;225936;207828;1634746
2020-07-31;247537;4543688;227239;208698;1695988
2020-08-01;247832;4601266;227301;209653;1750723
2020-08-02;248070;4648375;227304;209893;1803695
2020-08-03;248229;4690059;230665;210402;1855745
2020-08-04;248419;4751716;231636;211281;1908254
2020-08-05;248803;4806064;233344;212022;1964536
2020-08-06;249204;4866244;234945;213067;2027074
2020-08-07;249756;4926831;237332;214214;2088611
2020-08-08;250103;4990764;237402;215336;2153010
2020-08-09;250566;5045031;237408;215891;2215074
2020-08-10;250825;5096648;242168;216327;2268675
2020-08-11;251237;5153603;243576;217293;2329638
2020-08-12;251713;5208847;246180;218519;2396637
2020-08-13;252235;5260503;248850;219964;2461190
2020-08-14;252809;5330628;251764;221413;2525922
2020-08-15;253438;5383023;254974;222828;2589952
2020-08-16;253915;5417685;257994;223453;2647663
2020-08-17;254235;5455534;258629;224014;2702681
2020-08-18;254636;5500436;260748;225404;2767253
2020-08-19;255278;5546320;264535;226914;2836925
2020-08-20;256118;5591448;269335;228621;2905825
2020-08-21;257065;5639039;274289;230048;2975701
2020-08-22;258136;5684712;277763;232082;3044940
2020-08-23;259345;5716623;282498;232864;3106348
2020-08-24;260298;5750546;284474;233575;3167323
2020-08-25;261174;5793219;288067;234853;3224547
2020-08-26;262540;5835292;288354;236429;3310234
2020-08-27;263949;5885810;299580;237936;3387500
2020-08-28;265409;5932280;307205;239507;3463972
2020-08-29;266853;5975383;312665;240986;3542733
2020-08-30;268218;6009514;318047;241771;3621245
2020-08-31;269214;6042876;321160;242381;3691166
2020-09-01;270189;6084854;326264;243599;3769523
2020-09-02;271515;6124815;333351;244855;3853406
2020-09-03;272912;6169955;340473;246166;3936747
2020-09-04;274644;6218289;349333;247619;4023179
2020-09-05;276338;6261912;357927;248997;4113811
2020-09-06;277634;6291031;364943;249985;4204613
2020-09-07;278784;6315594;369209;250799;4280422
2020-09-08;280153;6342338;375947;252298;4370128
2020-09-09;281583;6375976;384546;253474;4465863
2020-09-10;283180;6415424;394308;255366;4562414
2020-09-11;284796;6460047;403837;256850;4659984
2020-09-12;286297;6505630;415174;258480;4754356
2020-09-13;287753;6545921;421519;259428;4846427
2020-09-14;288761;6578485;427839;260355;4930236
2020-09-15;289990;6615663;435665;261762;5020359
2020-09-16;291442;6653955;445932;263663;5118253
2020-09-17;293025;6699274;456171;265857;5214677
2020-09-18;294932;6749458;469404;267773;5308014
2020-09-19;296569;6795236;482964;270070;5400619
2020-09-20;298156;6836846;493500;271415;5487580
2020-09-21;299506;6868889;499039;272337;5562663
2020-09-22;300897;6907160;509123;274158;5646010
2020-09-23;302537;6948280;522355;275927;5732518
2020-09-24;304323;6997163;538264;278070;5818570
2020-09-25;306235;7044299;554368;280223;5903932
2020-09-26;308104;7087846;568588;282730;5992532
2020-09-27;309870;7121625;579223;284140;6074702
2020-09-28;311364;7159365;583522;285332;6145291
2020-09-29;313011;7201398;591527;287421;6225763
2020-09-30;314861;7240029;605893;289219;6312584
2020-10-01;317409;7286273;618918;291722;6394068
2020-10-02;319908;7339716;631354;294395;6473544
2020-10-03;322751;7388997;647868;296958;6549373
2020-10-04;325329;7422128;660372;299237;6623815
2020-10-05;327586;7459485;666011;300619;6685082
2020-10-06;330263;7504030;677321;303258;6757131
2020-10-07;333940;7553167;696274;306086;6835655
2020-10-08;338398;7611057;713676;310144;6906151
2020-10-09;343770;7666136;734707;314660;6979423
2020-10-10;349494;7721502;761384;319381;7053806
2020-10-11;354950;7768402;777378;322864;7120538
2020-10-12;359569;7810482;786590;325331;7175880
2020-10-13;365467;7860605;800216;329453;7239389
2020-10-14;372799;7919047;823181;334585;7307097
2020-10-15;381602;7982584;852938;341223;7370468
2020-10-16;391611;8052758;878572;348557;7432680
2020-10-17;402536;8107590;910711;356387;7494551
2020-10-18;414241;8159760;940548;361974;7550273
2020-10-19;423578;8227642;954838;366299;7597063
2020-10-20;434449;8289379;975214;373167;7651107
2020-10-21;449648;8350085;1002624;380762;7706946
2020-10-22;465726;8429706;1043437;392049;7761312
2020-10-23;484869;8511366;1086286;403291;7814682
2020-10-24;504509;8589741;1131551;418005;7864811
2020-10-25;525782;8650716;1138167;429181;7909959
2020-10-26;542789;8715280;1211177;437866;7946429
2020-10-27;564778;8792503;1245635;449275;7990322
2020-10-28;589766;8878980;1283185;464239;8040203
2020-10-29;616595;8970273;1329821;481013;8088851
2020-10-30;647674;9070122;1379295;499694;8137119
2020-10-31;679430;9157465;1414396;518753;8184082
2020-11-01;709335;9235295;1460575;532930;8229313
2020-11-02;731588;9317102;1566666;545027;8267623
2020-11-03;759829;9441868;1639267;560379;8313876
2020-11-04;790377;9542130;1593146;577593;8364086
2020-11-05;824879;9670211;1650966;597583;8411724
2020-11-06;862681;9797267;1711918;619089;8462080
2020-11-07;902490;9924331;1798573;642488;8507754
2020-11-08;935104;10044004;1837135;658505;8553657
2020-11-09;960373;10160960;1858559;671868;8591730
2020-11-10;995463;10297512;1881172;687200;8636011
2020-11-11;1028424;10445194;1917578;705687;8683916
2020-11-12;1066401;10603990;1950136;727553;8728795
2020-11-13;1107303;10783508;1974271;751095;8773479
2020-11-14;1144552;10947558;2006228;773556;8814579
2020-11-15;1178529;11087273;2033420;790503;8845127
2020-11-16;1205881;11240360;2043470;801327;8874290
2020-11-17;1238072;11405007;2089073;815746;8912907
2020-11-18;1272352;11576977;2117917;833307;8958483
2020-11-19;1308528;11769278;2138706;855916;9004365
2020-11-20;1345767;11970947;2161970;879564;9050597
2020-11-21;1380531;12150765;2179640;902528;9095806
2020-11-22;1408868;12297352;2192770;918269;9139865
2020-11-23;1431795;12478864;2197832;929133;9177840
2020-11-24;1455022;12652424;2207753;942687;9222216
2020-11-25;1480874;12832636;2224508;961320;9266705
2020-11-26;1509875;12949886;2237509;983588;9309787
2020-11-27;1538217;13164520;2250283;1006394;9351109
2020-11-28;1564532;13332744;2262760;1028089;9392919
2020-11-29;1585178;13473094;2272523;1042700;9431691
2020-11-30;1601554;13628010;2276830;1053869;9462809
2020-12-01;1620901;13825125;2285273;1067473;9499413
2020-12-02;1641610;14021288;2299501;1084743;9534964
2020-12-03;1664829;14241509;2312288;1106789;9571559
2020-12-04;1688939;14476879;2323799;1130238;9608211
2020-12-05;1709991;14698889;2336681;1153556;9644222
2020-12-06;1728878;14878214;2347630;1171323;9677203
2020-12-07;1742557;15073674;2351041;1183655;9703770
2020-12-08;1757394;15300731;2365085;1197709;9735850
2020-12-09;1770149;15516738;2379760;1218524;9767371
2020-12-10;1787147;15753682;2393632;1242203;9796744
2020-12-11;1805873;15992585;2407121;1272078;9826775
2020-12-12;1825775;16217119;2421068;1300516;9857029
2020-12-13;1843712;16408717;2432601;1320716;9884100
2020-12-14;1855737;16618545;2435793;1337078;9906165
2020-12-15;1870576;16844860;2447518;1351510;9932547
2020-12-16;1888144;17079664;2465238;1379238;9956557
2020-12-17;1906377;17319910;2483636;1406161;9979447
2020-12-18;1921778;17567855;2499511;1439938;10004599
2020-12-19;1938083;17773707;2516939;1471238;10031223
2020-12-20;1953185;17960902;2529797;1494009;10055560
2020-12-21;1964054;18157760;2535757;1510652;10075116
2020-12-22;1977370;18363691;2547618;1530180;10099066
2020-12-23;1991278;18585131;2562604;1554920;10123778
2020-12-24;2009317;18798079;2584322;1587115;10146845
2020-12-25;2028354;18925256;2604584;1612648;10169118
2020-12-26;2038759;19142696;2607677;1627103;10187850
2020-12-27;2047696;19278657;2616544;1640858;10207871
2020-12-28;2056277;19451959;2619650;1651834;10224303
2020-12-29;2067487;19657930;2631144;1664726;10244852
2020-12-30;2083689;19876227;2657658;1687185;10266674
2020-12-31;2107166;20191315;2677660;1719737;10286709
2021-01-01;2129376;20370218;2697018;1742661;10305788
2021-01-02;2141201;20642497;2700484;1755351;10323965
2021-01-03;2155446;20845898;2712975;1765666;10340469
2021-01-04;2166244;21031400;2717059;1775513;10356844
2021-01-05;2181619;21264264;2737892;1787410;10374932
2021-01-06;2201945;21524027;2763078;1808647;10395278
2021-01-07;2220361;21810271;2784845;1835038;10413417
2021-01-08;2237890;22114339;2804705;1866887;10413417
2021-01-09;2257866;22379078;2824882;1891581;10450284
2021-01-10;2276491;22589921;2840826;1908527;10466595
2021-01-11;2289021;22793884;2844642;1921024;10479179
2021-01-12;2303263;23015698;2864399;1933826;10495147
2021-01-13;2319036;23245029;2888331;1953426;10512093
2021-01-14;2336279;23480606;2909666;1978590;10527683
2021-01-15;2352423;23725604;2930983;2000958;10542841
2021-01-16;2368733;23943293;2952392;2019636;10557985
2021-01-17;2381277;24119847;2969034;2033518;10571773
2021-01-18;2390102;24260675;2972832;2040659;10581823
2021-01-19;2400598;24417570;2996855;2052028;10595639
2021-01-20;2414166;24604952;3023613;2068002;10610883
2021-01-21;2428221;24797504;3046323;2088400;10625428
2021-01-22;2441854;24989279;3069647;2106262;10639684
2021-01-23;2455185;25167454;3093740;2122679;10654533
2021-01-24;2466813;25307600;3112176;2134936;10667736
2021-01-25;2475372;25437201;3116477;2141665;10676838
2021-01-26;2485956;25588209;3138619;2148077;10689527
2021-01-27;2501147;25743665;3165570;2161275;10701193
2021-01-28;2515507;25910426;3189378;2178828;10720048
2021-01-29;2529070;26074169;3212613;2192850;10733130
2021-01-30;2541783;26225109;3236658;2205171;10746174
2021-01-31;2553032;26337967;3255994;2216363;10757610
2021-02-01;2560957;26463281;3260382;2221971;10766245
2021-02-02;2570608;26580311;3283719;2228085;10777284
2021-02-03;2583790;26704683;3310125;2237790;10790183
2021-02-04;2597446;26829713;3310145;2252001;10802591
2021-02-05;2611659;26960825;3355752;2264909;10814304
2021-02-06;2625098;27077685;3376340;2275394;10826363
2021-02-07;2636738;27167114;3396055;2284010;10838194
2021-02-08;2644707;27249913;3400398;2288545;10847304
2021-02-09;2655319;27345294;3419418;2291924;10858371
2021-02-10;2668266;27440577;3444827;2299996;10871294
2021-02-11;2683403;27547349;3465903;2310233;10880603
2021-02-12;2697296;27647931;3486612;2320093;10892746
2021-02-13;2710819;27738689;3507843;2328447;10904940
2021-02-14;2721879;27806997;3524518;2334561;10916589
2021-02-15;2729223;27862445;3528924;2338987;10925710
2021-02-16;2739591;27921667;3548520;2342843;10937320
2021-02-17;2751657;27990512;3573560;2350399;10950201
2021-02-18;2765412;28063092;3596078;2360606;10963394
2021-02-19;2780882;28138250;3620205;2369719;10977387
2021-02-20;2795796;28212033;3642576;2378883;10991651
2021-02-21;2809246;28267298;3664622;2386559;11005850
2021-02-22;2818863;28322781;3669276;2390928;11016434
2021-02-23;2832162;28396641;3689469;2394811;11030176
2021-02-24;2848564;28471666;3720996;2402818;11046914
2021-02-25;2868435;28548945;3746410;2414687;11063491
2021-02-26;2888923;28624365;3771626;2424684;11079979
2021-02-27;2907825;28695654;3795736;2434446;11096731
2021-02-28;2925265;28747418;3815688;2442336;11112241
2021-03-01;2938371;28797858;3820418;2447068;11124527
2021-03-02;2955434;28856276;3843290;2451011;11139516
2021-03-03;2976274;28923327;3870101;2460030;11156923
2021-03-04;2999119;28992271;3895387;2471942;11173761
2021-03-05;3023129;29060150;3918894;2482522;11192045
2021-03-06;3046762;29121181;3942286;2492079;11210799
2021-03-07;3067486;29162792;3964121;2500182;11229398
2021-03-08;3081368;29206884;3969673;2505193;11244786
2021-03-09;3101093;29262387;3992853;2509445;11262707
2021-03-10;3123368;29320159;4022514;2518591;11285561
2021-03-11;3149017;29381951;4050606;2532947;11308846
2021-03-12;3175807;29444556;4075681;2545781;11333728
2021-03-13;3201838;29501376;4105444;2558455;11359048
2021-03-14;3223142;29540650;4131895;2569245;11385339
2021-03-15;3238394;29591683;4138369;2575849;11409831
2021-03-16;3258770;29645750;4168396;2581329;11438734
2021-03-17;3281810;29705024;4206916;2594764;11474605
2021-03-18;3306711;29767414;4241990;2612268;11514331
2021-03-19;3332418;29829046;4277108;2629750;11555284
2021-03-20;3356331;29887913;4312451;2645783;11599130
2021-03-21;3376376;29923291;4343115;2659516;11646081
2021-03-22;3400877;29970715;4358924;2667225;11686796
2021-03-23;3419616;30023573;4373620;2674710;11734058
2021-03-24;3440862;30111330;4439011;2690523;11787534
2021-03-25;3464543;30178957;4484672;2713180;11846652
2021-03-26;3488619;30255328;4526554;2734753;11908910
2021-03-27;3512453;30319383;4569179;2755225;11971624
2021-03-28;3532057;30365703;4606307;2772401;12039644
2021-03-29;3544957;30431575;4615413;2782273;12095855
2021-03-30;3561012;30493265;4646136;2791822;12149335
2021-03-31;3584899;30562795;4705186;2808873;12221665
2021-04-01;3607083;30639651;4755862;2833173;12303131
2021-04-02;3629000;30713675;4802545;2855061;12392260
2021-04-03;3650247;30778555;4802711;2873190;12485509
2021-04-04;3668264;30816478;4883346;2885386;12589067
2021-04-05;3678944;30883565;4894139;2893883;12686049
2021-04-06;3686707;30946391;4902195;2900768;12801785
2021-04-07;3700393;31022168;4903122;2910445;12928574
2021-04-08;3717602;31102234;5000155;2930852;13060542
2021-04-09;3736526;31186987;5000319;2956316;13205926
2021-04-10;3754077;31257522;5001723;2980413;13358805
2021-04-11;3769814;31304978;5119625;2998268;13527717
2021-04-12;3779594;31367160;5128175;3011513;13689453
2021-04-13;3793033;31448001;5167305;3022323;13873825
2021-04-14;3809193;31523605;5210812;3044016;14074564
2021-04-15;3826156;31597587;5248857;3073442;14291917
2021-04-16;3842079;31681060;5285307;3099273;14526609
2021-04-17;3857443;31736547;5321180;3123077;14788003
2021-04-18;3870131;31780376;5350558;3142262;15061805
2021-04-19;3878994;31838922;5357266;3153699;15320972
2021-04-20;3891063;31901362;5401341;3163308;15616130
2021-04-21;3904899;31965709;5436265;3188192;15930774
2021-04-22;3920945;32032428;5469669;3217710;16263695
2021-04-23;3935703;32095323;5502009;3245253;16610481
2021-04-24;3949517;32150295;5534651;3268645;16960172
2021-04-25;3962674;32185064;5559156;3287418;17313163
2021-04-26;3971114;32227351;5565113;3299325;17636186
2021-04-27;3981512;32279633;5595437;3310301;17997113
2021-04-28;3994894;32334819;5626979;3332532;18376421
2021-04-29;4009208;32393645;5653526;3357268;18762976
2021-04-30;4022653;32451748;5677829;3381597;19164969
2021-05-01;4035617;32500524;5703499;3400532;19557457
2021-05-02;4044762;32531080;5713420;3416822;19925517
2021-05-03;4050708;32575702;5717187;3425982;20282833
2021-05-04;4059821;32618597;5741564;3433516;20664979
2021-05-05;4070400;32664640;5767568;3451550;21077410
2021-05-06;4082198;32710819;5789281;3473503;21491598
2021-05-07;4092747;32759234;5808420;3491988;21892676
2021-05-08;4102921;32794889;5829199;3507673;22296081
2021-05-09;4111210;32817759;5838327;3520329;22662575
2021-05-10;4116287;32850135;5841626;3527251;22992517
2021-05-11;4123230;32885613;5861417;3533376;23340938
2021-05-12;4131078;32921764;5882915;3548285;23703665
2021-05-13;4139160;32960500;5902376;3565704;24046809
2021-05-14;4146722;33002717;5909419;3577040;24372907
2021-05-15;4153374;33033474;5925104;3584934;24684077
2021-05-16;4159122;33051166;5939130;3593434;24965463
2021-05-17;4162576;33076409;5942481;3598846;25228996
2021-05-18;4167025;33105324;5959704;3603055;25496330
2021-05-19;4172525;33134929;5978761;3614095;25772440
2021-05-20;4178261;33165146;5629921;3626393;26031991
2021-05-21;4183476;33193971;5642724;3635162;26289290
2021-05-22;4188190;33215184;5655335;3642244;26530132
2021-05-23;4192183;33228968;5665101;3648958;26752447
2021-05-24;4194672;33250840;5667331;3651640;26948874
2021-05-25;4197892;33275430;5670486;3653551;27157795
2021-05-26;4201827;33300026;5683143;3656177;27369093
2021-05-27;4205970;33326868;5697076;3662490;27555457
2021-05-28;4209707;33349110;5708350;3669870;27729247
2021-05-29;4213055;33362421;5719877;3675296;27894800
2021-05-30;4216003;33369775;5728539;3679148;28047534
2021-05-31;4217821;33376050;5728909;3681126;28175044
2021-06-01;4220304;33396903;5738762;3682911;28307832
2021-06-02;4223200;33413615;5740116;3687828;28441986
2021-06-03;4225163;33432011;5755675;3692468;28574350
2021-06-04;4227719;33449876;5762633;3695633;28694879
2021-06-05;4230153;33465480;5769287;3697927;28809339
2021-06-06;4232428;33471496;5774467;3700367;28909975
2021-06-07;4233698;33485566;5775641;3701484;28996473
2021-06-08;4235592;33498605;5781662;3702688;29089069
2021-06-09;4237790;33517170;5787231;3705942;29182532
2021-06-10;4239868;33531951;5791714;3709129;29274823
2021-06-11;4241760;33557101;5795593;3711569;29359155
2021-06-12;4243482;33566261;5799565;3713480;29439989
2021-06-13;4244872;33571531;5802538;3714969;29510410
2021-06-14;4245779;33583317;5803236;3715518;29570881
2021-06-15;4247032;33594046;5806479;3716170;29633105
2021-06-16;4248432;33605954;5809543;3717625;29700313
2021-06-17;4249755;33617717;5811592;3718955;29762793
2021-06-18;4250902;33638899;5814779;3720031;29823546
2021-06-19;4252095;33647951;5817403;3721139;29881772
2021-06-20;4252976;33652907;5819313;3721981;29935221
2021-06-21;4253460;33663461;5819809;3722327;29977861
2021-06-22;4254294;33674257;5822022;3722782;30028709
2021-06-23;4255434;33686922;5824352;3723798;30082778
2021-06-24;4255700;33701397;5826360;3724806;30134445
2021-06-25;4256451;33726000;5828348;3725580;30183143
2021-06-26;4257289;33735369;5830476;3726172;30233183
2021-06-27;4258069;33739991;5832110;3726710;30279331
2021-06-28;4258456;33753574;5832628;3726929;30316897
2021-06-29;4259133;33761051;5836023;3727333;30362848
2021-06-30;4259909;33776402;5837403;3728141;30411634
2021-07-01;4260788;33791522;5840067;3729033;30458251
2021-07-02;4261582;33821279;5842754;3729682;30502362
2021-07-03;4262511;33826693;5845760;3730353;30545433
2021-07-04;4263317;33830978;5848365;3730912;30585229
2021-07-05;4263797;33839880;5849167;3731124;30619932
2021-07-06;4264704;33862162;5852755;3731564;30663665
2021-07-07;4265714;33882338;5856838;3732549;30709557
2021-07-08;4267105;33903203;5861284;3733519;30752950
2021-07-09;4268491;33950795;5865864;3734468;30795716
2021-07-10;4269885;33960914;5870560;3735420;30837222
2021-07-11;4271276;33972661;5874874;3736165;30874376
2021-07-12;4272163;34002084;5876142;3736489;30907282
2021-07-13;4273693;34028615;5883100;3737135;30946147
2021-07-14;4275846;34059740;5884550;3738683;30987880
2021-07-15;4278319;34091701;5895608;3740325;31026829
2021-07-16;4281214;34169810;5906543;3741781;31064908
2021-07-17;4284332;34183912;5917548;3743389;31106065
2021-07-18;4287458;34204241;5930080;3744681;31144229
2021-07-19;4289528;34253084;5934273;3745227;31174322
2021-07-20;4293083;34292810;5952490;3746410;31216337
2021-07-21;4297337;34340546;5974063;3748613;31257720
2021-07-22;4302393;34397072;5996163;3750503;31293062
2021-07-23;4307535;34517874;6015572;3752592;31332159
2021-07-24;4312673;34546618;6041313;3754511;31371901
2021-07-25;4317415;34574590;6056555;3755898;31411262
2021-07-26;4320530;34653962;6061969;3756856;31440951
2021-07-27;4325046;34718965;6089097;3758401;31484605
2021-07-28;4330739;34792541;6117020;3761169;31528114
2021-07-29;4336906;34865086;6142449;3764311;31572344
2021-07-30;4343519;35056531;6166759;3766765;31613993
2021-07-31;4350028;35100422;6190621;3769165;31655824
2021-08-01;4355348;35144991;6210335;3771262;31695958
2021-08-02;4358533;35253352;6218927;3772109;31726507
2021-08-03;4363374;35351106;6243225;3773875;31769132
2021-08-04;4369964;35453552;6272466;3777446;31812114
2021-08-05;4377188;35563239;6299415;3780985;31856757
2021-08-06;4383787;35815135;6325146;3784433;31895385
2021-08-07;4390684;35878140;6351003;3787639;31934455
2021-08-08;4396417;35913016;6371463;3790766;31969954
2021-08-09;4400617;36072803;6378681;3791949;31998158
2021-08-10;4406241;36190605;6407573;3794429;32036511
2021-08-11;4413162;36345057;6440367;3799425;32077706
2021-08-12;4420429;36489143;6470038;3805063;32117826
2021-08-13;4427827;36715949;6497785;3810641;32156493
2021-08-14;4435008;36789016;6522212;3816285;32192576
2021-08-15;4440669;36835804;6543481;3821013;32225513
2021-08-16;4444338;37030159;6556878;3823139;32250679
2021-08-17;4449606;37180751;6582001;3827051;32285857
2021-08-18;4456765;37348354;6612028;3835375;32322258
2021-08-19;4464005;37503575;6637417;3843775;32358829
2021-08-20;4471225;37742650;6660365;3853055;32393286
2021-08-21;4478691;37834846;6683078;3861147;32424234
2021-08-22;4484613;37879049;6700378;3868197;32449306
2021-08-23;4488779;38087274;6708289;3871865;32474773
2021-08-24;4494857;38241736;6734203;3877612;32512366
2021-08-25;4502396;38420719;6757909;3889173;32558530
2021-08-26;4509611;38604490;6777592;3901799;32603188
2021-08-27;4517434;38843162;6778049;3913828;32649947
2021-08-28;4524292;38922051;6813680;3924131;32695030
2021-08-29;4530246;38974063;6827310;3932547;32737939
2021-08-30;4534499;39203277;6834998;3937106;32768880
2021-08-31;4539991;39383238;6835022;3942856;32810845
2021-09-01;4546487;39573756;6868151;3956387;32857937
2021-09-02;4553241;39752892;6882305;3970102;32903289
2021-09-03;4559970;39988336;6897529;3984353;32945907
2021-09-04;4566126;40074244;6910865;3995188;32988673
2021-09-05;4571440;40137749;6921275;4005641;33027621
2021-09-06;4574787;40231491;6924325;4010390;33058843
2021-09-07;4579502;40440659;6938866;4017116;33096718
2021-09-08;4585423;40617585;6944797;4030681;33139981
2021-09-09;4590941;40784004;6962917;4046112;33174954
2021-09-10;4596558;41026016;6972934;4059081;33208330
2021-09-11;4601749;41115147;6982683;4070295;33236921
2021-09-12;4606413;41163499;6990662;4077640;33264175
2021-09-13;4609205;41374278;6992980;4083151;33289579
2021-09-14;4613214;41519682;7007436;4089476;33316755
2021-09-15;4618040;41692935;7007819;4101931;33347325
2021-09-16;4623155;41851714;7022203;4114856;33381728
2021-09-17;4627699;42062577;7029959;4125878;33417390
2021-09-18;4632275;42137550;7037931;4134779;33448163
2021-09-19;4636111;42182422;7043875;4142116;33478419
2021-09-20;4638516;42354226;7045422;4145852;33504534
2021-09-21;4641890;42475964;7054198;4150516;33531498
2021-09-22;4645853;42607315;7061323;4160970;33563421
2021-09-23;4649906;42736482;7068630;4171666;33594803
2021-09-24;4653696;42911248;7075305;4181393;33624419
2021-09-25;4657215;42971743;7080675;4188604;33652745
2021-09-26;4660314;43026060;7085607;4196378;33678786
2021-09-27;4662087;43182007;7087110;4199400;33697581
2021-09-28;4665049;43294759;7094334;4203571;33716451
2021-09-29;4668261;43416148;7100572;4215351;33739980
2021-09-30;4672355;43526534;7106028;4227501;33766707
2021-10-01;4675758;43681364;7111154;4237619;33791061
2021-10-02;4679067;43729568;7116415;4246136;33813903
2021-10-03;4682034;43774347;7120214;4252300;33834702
2021-10-04;4683646;43917262;7121507;4255388;33853048
2021-10-05;4686109;44012495;7127454;4260187;33871881
2021-10-06;4689341;44124669;7137177;4271734;33894312
2021-10-07;4692274;44226197;7142387;4283378;33915569
2021-10-08;4695291;44357613;7147186;4293807;33935309
2021-10-09;4698038;44396440;7152009;4302661;33953475
2021-10-10;4700316;44436110;7156066;4310273;33971607
2021-10-11;4701832;44532173;7157206;4313384;33985920
2021-10-12;4704318;44642779;7163317;4318355;34001743
2021-10-13;4707087;44751242;7164924;4330258;34020730
2021-10-14;4709753;44838188;7174580;4342640;34037592
2021-10-15;4712482;44947669;7180773;4354158;34053573
2021-10-16;4715464;44987453;7185744;4365107;34067719
2021-10-17;4717899;45019110;7189566;4373789;34081315
2021-10-18;4719493;45118061;7190716;4377845;34094373
2021-10-19;4722188;45199978;7196754;4384616;34108996
2021-10-20;4725887;45291598;7202840;4401631;34127450
2021-10-21;4729678;45369682;7209126;4417708;34143236
2021-10-22;4733557;45465634;7215584;4437280;34159562
2021-10-23;4737462;45498054;7221941;4452425;34175468
2021-10-24;4741185;45517224;7226974;4466157;34189774
2021-10-25;4743720;45629796;7228331;4472730;34202202
2021-10-26;4747773;45696453;7235100;4483203;34215653
2021-10-27;4752368;45799015;7242180;4506415;34231809
2021-10-28;4757231;45874110;7248285;4534452;34246157
2021-10-29;4762563;45969216;7254779;4559120;34260470
2021-10-30;4767440;46003511;7262178;4580663;34273300
2021-10-31;4771965;46035837;7268527;4597550;34285814
2021-11-01;4774783;46149089;7270410;4607208;34296237
2021-11-02;4777614;46217836;7272516;4618021;34308140
2021-11-03;4782802;46303430;7282823;4638419;34321025
2021-11-04;4788704;46384868;7292220;4672368;34333754
2021-11-05;4795465;46481725;7301303;4709488;34344683
2021-11-06;4802225;46516587;7310967;4743490;34355509
2021-11-07;4808047;46553415;7319526;4767033;34366987
2021-11-08;4812594;46664163;7321767;4782546;34377113
2021-11-09;4818705;46742524;7334332;4804378;34388579
2021-11-10;4826738;46837594;7346277;4844054;34401670
2021-11-11;4835435;46895238;7358920;4894250;34414186
2021-11-12;4843957;47038748;7362807;4942890;34426036
2021-11-13;4852496;47082700;7377483;4987971;34437307
2021-11-14;4860061;47114612;7389989;5021469;34447536
2021-11-15;4865260;47248648;7393296;5045076;34456401
2021-11-16;4873075;47335919;7413180;5077124;34466598
2021-11-17;4883242;47448766;7433545;5129950;34478517
2021-11-18;4893887;47558594;7453941;5195321;34489623
2021-11-19;4904441;47685469;7475211;5248291;34499925
2021-11-20;4915981;47730830;7497912;5312215;34510413
2021-11-21;4925688;47770662;7517669;5354942;34518901
2021-11-22;4932091;47915277;7523008;5385585;34526480
2021-11-23;4942135;48006622;7553513;5430911;34535763
2021-11-24;4954585;48118202;7586146;5497795;34544882
2021-11-25;4968341;48157521;7619656;5573756;34555431
2021-11-26;4982022;48210942;7654128;5650170;34563749
2021-11-27;4994891;48237480;7691217;5717295;34572523
2021-11-28;5007818;48280629;7722804;5761696;34580832
2021-11-29;5015790;48466921;7731351;5791060;34587822
2021-11-30;5028547;48584027;7778575;5836813;34596776
2021-12-01;5043620;48721141;7829045;5903999;34606541
2021-12-02;5060430;48859993;7877490;5977208;34615757
2021-12-03;5077445;49018605;7927361;6051560;34624360
2021-12-04;5094072;49084946;7978825;6116070;34624360
2021-12-05;5109082;49140130;8020978;6158125;34641561
2021-12-06;5118576;49317816;8032613;6185961;34648383
2021-12-07;5134318;49431076;8091667;6222020;34656822
2021-12-08;5152264;49580988;8153025;6291621;34666241
2021-12-09;5164780;49705518;8209911;6362232;34674643
2021-12-10;5185270;49863728;8265076;6423520;34682633
2021-12-11;5206305;49920316;8318995;6477217;34690510
2021-12-12;5225517;49972625;8362843;6509863;34697860
2021-12-13;5238221;50158111;8374944;6531606;34703644
2021-12-14;5258886;50273149;8438360;6562429;34710628
2021-12-15;5282076;50416777;8504074;6613730;34718602
2021-12-16;5308180;50558508;8564979;6670407;34726049
2021-12-17;5336795;50751164;8623131;6721375;34726049
2021-12-18;5364852;50830924;8681667;6764188;34733194
2021-12-19;5389155;50920124;8730140;6793536;34746838
2021-12-20;5405360;51160166;8745272;6809622;34752164
2021-12-21;5436143;51339581;8818154;6833050;34758481
2021-12-22;5472469;51583323;8902466;6878709;34765976
2021-12-23;5517054;51853085;8994106;6923636;34772626
2021-12-24;5567644;52101608;9088232;6959067;34779815
2021-12-25;5622431;52188263;9192843;6981281;34786802
2021-12-26;5647313;52366649;9220540;6991381;34793333
2021-12-27;5678112;52867219;9251021;7005289;34799691
2021-12-28;5756412;53229255;9430829;7026369;34808886
2021-12-29;5854428;53731367;9639037;7066412;34822040
2021-12-30;5981428;54322064;9845583;7109182;34838804
2021-12-31;6125683;54835685;10077783;7150422;34861579
2022-01-01;6266939;55024448;10296909;7176814;34889132
2022-01-02;6328076;55310405;10355341;7189329;34922882
2022-01-03;6396110;56355361;10422830;7207847;34960261
2022-01-04;6566947;57167584;10694804;7238408;35018358
2022-01-05;6756035;57830190;11027112;7297320;35109286
2022-01-06;6975465;58665223;11290010;7361660;35226386
2022-01-07;7083762;59534979;11618256;7417995;35368372
2022-01-08;7281297;59932672;11921925;7473884;35528004
2022-01-09;7436939;60417703;12218022;7510436;35707727
2022-01-10;7554344;61801616;12311963;7535691;35875790
2022-01-11;7774863;62589010;12680780;7581381;36070510
2022-01-12;7971068;63437652;13042665;7661811;36317927
2022-01-13;8155645;64298999;13351053;7743228;36582129
2022-01-14;8356514;65179067;13680775;7835451;36850962
2022-01-15;8549450;65587392;14005385;7913473;37122164
2022-01-16;8706915;66067198;14283514;7965977;37380253
2022-01-17;8790302;66742339;14386178;8000122;37618271
2022-01-18;9018425;67871860;14851448;8074527;37901241
2022-01-19;9219391;68779993;15288014;8186850;38218773
2022-01-20;9418256;69512599;15715329;8320386;38566027
2022-01-21;9603856;70353700;16116748;8460546;38903731
2022-01-22;9781191;70656216;16506090;8596007;39237264
2022-01-23;9923678;71021670;16807733;8681447;39543328
2022-01-24;10001344;71943834;16917220;8744840;39799202
2022-01-25;10212621;72436931;17420569;8871795;40085116
2022-01-26;10383561;73061000;17848291;9035795;40371500
2022-01-27;10539601;73567263;18241888;9238931;40622709
2022-01-28;10683948;74181343;18596157;9429079;40858241
2022-01-29;10821375;74359970;18928572;9618245;41092522
2022-01-30;10925485;74557934;19178039;9737215;41302440
2022-01-31;10983116;75100179;19266496;9815533;41469499
2022-02-01;11116422;75425593;19681231;9978146;41630885
2022-02-02;11235745;75755134;19998301;10186644;41803318
2022-02-03;11348701;76029946;20274710;10422764;41952712
2022-02-04;11449601;76384918;20517059;10671602;42080664
2022-02-05;11542793;76471349;20731613;10889417;42188138
2022-02-06;11621736;76554826;20887052;11022590;42272014
2022-02-07;11663338;76901267;20935910;11117857;42339611
2022-02-08;11765767;77115639;21174600;11287428;42410976
2022-02-09;11847436;77304046;21177663;11521678;42478060
2022-02-10;11923631;77475459;21511997;11769540;42536137
2022-02-11;11991109;77684778;21646561;12009712;42586544
2022-02-12;12053330;77736645;21765182;12219501;42631421
2022-02-13;12105675;77794966;21851747;12344661;42665534
2022-02-14;12134451;77965147;21884370;12421126;42692943
2022-02-15;12205474;78076319;21886335;12580343;42723558
2022-02-16;12265343;78191136;22130264;12800315;42754315
2022-02-17;12323398;78292827;22223882;13035941;42780235
2022-02-18;12377098;78437997;22310014;13255989;42802505
2022-02-19;12427773;78469403;22386566;13445094;42822473
2022-02-20;12469975;78492408;22445580;13563126;42838524
2022-02-21;12494459;78575298;22466076;13636993;42851929
2022-02-22;12554596;78664633;22563594;13762895;42867031
2022-02-23;12603758;78749771;22638153;13971947;42881179
2022-02-24;12651251;78816843;22707110;14188269;42894345
2022-02-25;12693320;78891215;22765934;14399012;42905844
2022-02-26;12732680;78938627;22819557;14574845;42916117
2022-02-27;12764558;78956847;22862157;14682758;42924130
2022-02-28;12782836;79055765;22877926;14745107;42931045
2022-03-01;12829972;79102472;22959368;14867218;42938599
2022-03-02;12867918;79155873;23017711;15053624;42945160
2022-03-03;12910506;79204481;23079453;15264297;42951556
2022-03-04;12948859;79255738;23137902;15481890;42957477
2022-03-05;12990223;79270657;23191580;15674100;42962953
2022-03-06;13026112;79283051;23236908;15790989;42967315
2022-03-07;13048774;79347132;23253235;15869417;42971308
2022-03-08;13109527;79376887;23346927;16026216;42975883
2022-03-09;13159342;79414588;23417253;16242070;42980067
2022-03-10;13214498;79461166;23492815;16504822;42984261
2022-03-11;13268459;79510871;23565274;16757658;42987875
2022-03-12;13323179;79521089;23635798;16994744;42990991
2022-03-13;13373207;79532139;23694834;17141351;42993494
2022-03-14;13402905;79567523;23717460;17233729;42996062
2022-03-15;13489319;79591898;23834842;17432617;42998938
2022-03-16;13563466;79638027;23943801;17695210;43001477
2022-03-17;13645834;79691199;24046195;17990141;43004005
2022-03-18;13724411;79722557;24143852;18287986;43006080
2022-03-19;13800179;79733436;24241956;18548225;43007841
2022-03-20;13861743;79744887;24323239;18680017;43009390
2022-03-21;13895188;79787156;24347772;18772331;43010971
2022-03-22;13992092;79811718;24528957;18994411;43012749
2022-03-23;14070450;79852729;24683075;19278143;43014687
2022-03-24;14153098;79895723;24823603;19596530;43016372
2022-03-25;14229495;79942159;24967222;19893028;43018032
2022-03-26;14304111;79951593;25106739;20145054;43019453
2022-03-27;14364723;79963383;25216913;20256278;43020723
2022-03-28;14396283;80002353;25246720;20323779;43021982
2022-03-29;14496579;80026534;25464389;20561131;43023215
2022-03-30;14567990;80065716;25633476;20829608;43024440
2022-03-31;14642354;80111350;25803173;21357095;43025775
2022-04-01;14719394;80143568;25952226;21357039;43027035
2022-04-02;14790806;80155375;26084340;21553495;43028131
2022-04-03;14845815;80160130;26186606;21668677;43029044
2022-04-04;14877144;80189034;26218724;21668677;43029839
2022-04-05;14966058;80214637;26428476;21849074;43030925
2022-04-06;15035943;80255584;26579448;22265788;43031958
2022-04-07;15106066;80306222;26738483;22441051;43033067
2022-04-08;15173707;80381248;26887490;22591726;43034217
2022-04-09;15238128;80393960;27029271;22647197;43035271
2022-04-10;15292048;80403492;27136925;22677986;43036132
2022-04-11;15320753;80443833;27162463;22878428;43036928
2022-04-12;15404809;80479577;27353225;23017079;43038016
2022-04-13;15467395;80534967;27499728;23182447;43039023
2022-04-14;15533012;80585631;27637292;23339311;43039972
2022-04-15;15595302;80621069;27762686;23376879;43040947
2022-04-16;15659835;80633405;27874269;23416663;43042097
2022-04-17;15712088;80640908;27960919;23437145;43044280
2022-04-18;15730676;80702296;27980729;23459628;43045527
2022-04-19;15758002;80741558;28006219;23658211;43047594
2022-04-20;15858442;80810497;28162002;23844536;43049974
2022-04-21;15934437;80872193;28266009;24006254;43052425
2022-04-22;16008181;80962245;28354529;24141333;43054952
2022-04-23;16079209;80981977;28435100;24180512;43057545
2022-04-24;16136057;80995465;28494054;24200596;43060086
2022-04-25;16161339;81065669;28508116;24337394;43060097
2022-04-26;16191323;81111019;28605614;24337394;43065496
2022-04-27;16279754;81201034;28673411;24609159;43068799
2022-04-28;16349788;81278389;28733434;24710769;43072176
2022-04-29;16409183;81339578;28786413;24798067;43075864
2022-04-30;16463200;81363558;28835895;24809785;43079188
2022-05-01;16504791;81380258;28872621;24813817;43082345
2022-05-02;16523859;81474963;28881384;24927339;43084913
2022-05-03;16586268;81524549;28948497;25033970;43088118
2022-05-04;16633911;81636574;28996577;25130137;43091393
2022-05-05;16682626;81725122;29040934;25215210;43094938
2022-05-06;16726990;81853878;29081169;25287462;43098743
2022-05-07;16767773;81881696;29119127;25295950;43102194
2022-05-08;16798998;81887457;29148451;25299300;43105401
2022-05-09;16816419;82017464;29155815;25406868;43107689
2022-05-10;16872618;82087703;29212276;25503878;43110586
2022-05-11;16915301;82247881;29252875;25592839;43113413
2022-05-12;16954784;82361856;29289023;25661838;43116254
2022-05-13;16993813;82449226;29321831;25723697;43119112
2022-05-14;17030147;82466269;29352290;25729848;43121599
2022-05-15;17057873;82498369;29375134;25732153;43123801
2022-05-16;17071649;82677072;29381085;25818405;43125370
2022-05-17;17116550;82761646;29424812;25890456;43127199
2022-05-18;17147477;82965394;29489304;25949175;43129563
2022-05-19;17178199;83100539;29517146;25998085;43131822
2022-05-20;17205017;83249567;29541498;26040460;43134145
2022-05-21;17229263;83276477;29564005;26044283;43136371
2022-05-22;17247552;83296032;29580970;26045528;43138393
2022-05-23;17257573;83438446;29551335;26109965;43140068
2022-05-24;17288287;83521391;29583616;26159106;43142192
2022-05-25;17312432;83731365;29605758;26198811;43144820
2022-05-26;17333299;83876716;29626992;26200663;43147530
2022-05-27;17355119;83984555;29631816;26240639;43150215
2022-05-28;17373741;83997048;29655398;26243352;43153043
2022-05-29;17388877;84001587;29671838;26244107;43155749
2022-05-30;17396723;84061301;29676522;26305996;43158087
2022-05-31;17421410;84228228;29711870;26360953;43160832
2022-06-01;17440232;84451901;29738170;26409455;43164544
2022-06-02;17457950;84570325;29763546;26452148;43168585
2022-06-03;17467642;84724329;29788676;26493235;43172547
2022-06-04;17490451;84748884;29813848;26493235;43176817
2022-06-05;17505973;84762022;29834390;26496611;43181335
2022-06-06;17514589;84882287;29840626;26498361;43185049
2022-06-07;17543136;85003945;29852463;26583016;43190282
